9.5323e+09,-106.49
9.5323e+09,-108.22
9.5324e+09,-95.116
9.5324e+09,-105.05
9.5325e+09,-98.171
9.5325e+09,-107.06
9.5326e+09,-99.641
9.5326e+09,-112.63
9.5327e+09,-101.37
9.5327e+09,-96.528
9.5327e+09,-100.18
9.5328e+09,-108
9.5328e+09,-111.23
9.5329e+09,-98.892
9.5329e+09,-101.46
9.533e+09,-109.94
9.533e+09,-107.37
9.5331e+09,-101.55
9.5331e+09,-98.762
9.5332e+09,-96.442
9.5332e+09,-99.4
9.5333e+09,-95.339
9.5333e+09,-96.809
9.5334e+09,-107.84
9.5334e+09,-120.81
9.5335e+09,-99.216
9.5335e+09,-99.556
9.5336e+09,-96.9
9.5336e+09,-104.24
9.5337e+09,-103.8
9.5337e+09,-109.24
9.5338e+09,-102.78
9.5338e+09,-97.736
9.5339e+09,-111
9.5339e+09,-96.371
9.534e+09,-118.7
9.534e+09,-105.21
9.5341e+09,-105.44
9.5341e+09,-98.985
9.5341e+09,-105.8
9.5342e+09,-111.42
9.5342e+09,-99.734
9.5343e+09,-110.97
9.5343e+09,-120.16
9.5344e+09,-99.799
9.5344e+09,-98.344
9.5345e+09,-97.305
9.5345e+09,-98.21
9.5346e+09,-100.19
9.5346e+09,-96.536
9.5347e+09,-104.2
9.5347e+09,-97.389
9.5348e+09,-97.412
9.5348e+09,-99.615
9.5349e+09,-103.12
9.5349e+09,-121.09
9.535e+09,-95.899
9.535e+09,-96.618
9.5351e+09,-96.55
9.5351e+09,-99.206
9.5352e+09,-98.151
9.5352e+09,-104.11
9.5353e+09,-106.94
9.5353e+09,-101.98
9.5354e+09,-96.324
9.5354e+09,-111.6
9.5355e+09,-107.84
9.5355e+09,-103.91
9.5355e+09,-101.31
9.5356e+09,-96.885
9.5356e+09,-93.975
9.5357e+09,-104.26
9.5357e+09,-92.216
9.5358e+09,-96.765
9.5358e+09,-97.357
9.5359e+09,-104.15
9.5359e+09,-95.677
9.536e+09,-96.763
9.536e+09,-99.033
9.5361e+09,-101.25
9.5361e+09,-99.828
9.5362e+09,-102.35
9.5362e+09,-111.91
9.5363e+09,-102.02
9.5363e+09,-98.603
9.5364e+09,-97.845
9.5364e+09,-100.33
9.5365e+09,-97.486
9.5365e+09,-95.315
9.5366e+09,-99.483
9.5366e+09,-102.87
9.5367e+09,-97.596
9.5367e+09,-104.88
9.5368e+09,-91.994
9.5368e+09,-98.531
9.5369e+09,-98.548
9.5369e+09,-101.66
9.5369e+09,-97.463
9.537e+09,-96.626
9.537e+09,-95.722
9.5371e+09,-101.17
9.5371e+09,-95.704
9.5372e+09,-99.091
9.5372e+09,-99.731
9.5373e+09,-102.29
9.5373e+09,-110.32
9.5374e+09,-100.3
9.5374e+09,-101.51
9.5375e+09,-101.97
9.5375e+09,-98.955
9.5376e+09,-96.591
9.5376e+09,-97.076
9.5377e+09,-97.754
9.5377e+09,-91.889
9.5378e+09,-101.79
9.5378e+09,-99.056
9.5379e+09,-99.245
9.5379e+09,-99.855
9.538e+09,-98.331
9.538e+09,-98.454
9.5381e+09,-100.78
9.5381e+09,-99.837
9.5382e+09,-96.191
9.5382e+09,-104.73
9.5383e+09,-95.922
9.5383e+09,-97.012
9.5383e+09,-100.74
9.5384e+09,-97.692
9.5384e+09,-96.519
9.5385e+09,-93.945
9.5385e+09,-99.19
9.5386e+09,-110.01
9.5386e+09,-102.95
9.5387e+09,-109.75
9.5387e+09,-96.314
9.5388e+09,-96.85
9.5388e+09,-100.32
9.5389e+09,-102.23
9.5389e+09,-93.63
9.539e+09,-126.5
9.539e+09,-98.773
9.5391e+09,-107.76
9.5391e+09,-103.57
9.5392e+09,-102.95
9.5392e+09,-106.94
9.5393e+09,-95.634
9.5393e+09,-98.114
9.5394e+09,-92.884
9.5394e+09,-96.013
9.5395e+09,-94.82
9.5395e+09,-96.805
9.5396e+09,-99.768
9.5396e+09,-95.44
9.5397e+09,-94.932
9.5397e+09,-99.988
9.5397e+09,-98.853
9.5398e+09,-101.92
9.5398e+09,-101.04
9.5399e+09,-100.4
9.5399e+09,-113.55
9.54e+09,-97.831
9.54e+09,-99.444
9.5401e+09,-97.853
9.5401e+09,-95.207
9.5402e+09,-93.134
9.5402e+09,-94.969
9.5403e+09,-96.788
9.5403e+09,-112.47
9.5404e+09,-101.94
9.5404e+09,-102.53
9.5405e+09,-99.214
9.5405e+09,-109.1
9.5406e+09,-97.231
9.5406e+09,-97.779
9.5407e+09,-98.905
9.5407e+09,-95.996
9.5408e+09,-94.491
9.5408e+09,-94.995
9.5409e+09,-102.86
9.5409e+09,-101.33
9.541e+09,-100.42
9.541e+09,-106.61
9.5411e+09,-100.07
9.5411e+09,-104.99
9.5411e+09,-98.45
9.5412e+09,-96.209
9.5412e+09,-93.61
9.5413e+09,-100.71
9.5413e+09,-98.475
9.5414e+09,-95.136
9.5414e+09,-96.272
9.5415e+09,-105.73
9.5415e+09,-112.37
9.5416e+09,-100.9
9.5416e+09,-96.722
9.5417e+09,-95.073
9.5417e+09,-95.872
9.5418e+09,-107.77
9.5418e+09,-94.253
9.5419e+09,-95.657
9.5419e+09,-101.48
9.542e+09,-100.79
9.542e+09,-95.465
9.5421e+09,-98.211
9.5421e+09,-95.115
9.5422e+09,-98.016
9.5422e+09,-117.18
9.5423e+09,-93.593
9.5423e+09,-101.47
9.5424e+09,-97.76
9.5424e+09,-98.816
9.5425e+09,-94.639
9.5425e+09,-101.37
9.5425e+09,-95.668
9.5426e+09,-101.52
9.5426e+09,-105.15
9.5427e+09,-95.705
9.5427e+09,-96.43
9.5428e+09,-92.152
9.5428e+09,-95.485
9.5429e+09,-104.13
9.5429e+09,-101.28
9.543e+09,-100.55
9.543e+09,-106.04
9.5431e+09,-101.77
9.5431e+09,-95.329
9.5432e+09,-97.476
9.5432e+09,-97.047
9.5433e+09,-101.23
9.5433e+09,-94.814
9.5434e+09,-98.463
9.5434e+09,-91.412
9.5435e+09,-93.224
9.5435e+09,-97.19
9.5436e+09,-98.332
9.5436e+09,-99.006
9.5437e+09,-100.12
9.5437e+09,-93.535
9.5438e+09,-95.698
9.5438e+09,-96.625
9.5439e+09,-99.145
9.5439e+09,-103.88
9.5439e+09,-100.74
9.544e+09,-103.04
9.544e+09,-98.456
9.5441e+09,-100.47
9.5441e+09,-103.95
9.5442e+09,-95.721
9.5442e+09,-94.142
9.5443e+09,-106.34
9.5443e+09,-98.729
9.5444e+09,-97.52
9.5444e+09,-98.928
9.5445e+09,-100.16
9.5445e+09,-100.57
9.5446e+09,-102.18
9.5446e+09,-99.617
9.5447e+09,-104.27
9.5447e+09,-99.602
9.5448e+09,-97.435
9.5448e+09,-97.032
9.5449e+09,-92.501
9.5449e+09,-101.23
9.545e+09,-102.82
9.545e+09,-93.759
9.5451e+09,-100.01
9.5451e+09,-94.485
9.5452e+09,-94.657
9.5452e+09,-103.81
9.5453e+09,-94.952
9.5453e+09,-98.598
9.5453e+09,-97.841
9.5454e+09,-96.472
9.5454e+09,-91.781
9.5455e+09,-95.544
9.5455e+09,-95.846
9.5456e+09,-99.22
9.5456e+09,-97.673
9.5457e+09,-96.579
9.5457e+09,-96.516
9.5458e+09,-97.662
9.5458e+09,-97.848
9.5459e+09,-105.4
9.5459e+09,-98.039
9.546e+09,-96.403
9.546e+09,-91.9
9.5461e+09,-95.951
9.5461e+09,-94.239
9.5462e+09,-96.773
9.5462e+09,-95.67
9.5463e+09,-94.177
9.5463e+09,-95.25
9.5464e+09,-98.019
9.5464e+09,-102.67
9.5465e+09,-94.714
9.5465e+09,-107.92
9.5466e+09,-100.44
9.5466e+09,-96.618
9.5466e+09,-98.766
9.5467e+09,-93.607
9.5467e+09,-98.683
9.5468e+09,-96.318
9.5468e+09,-96.639
9.5469e+09,-99.111
9.5469e+09,-91.955
9.547e+09,-93.744
9.547e+09,-93.935
9.5471e+09,-97.454
9.5471e+09,-98.995
9.5472e+09,-102.61
9.5472e+09,-104.14
9.5473e+09,-97.9
9.5473e+09,-93.073
9.5474e+09,-96.433
9.5474e+09,-95.637
9.5475e+09,-96.707
9.5475e+09,-93.342
9.5476e+09,-95.511
9.5476e+09,-95.149
9.5477e+09,-99.616
9.5477e+09,-97.693
9.5478e+09,-97.72
9.5478e+09,-96.861
9.5479e+09,-94.04
9.5479e+09,-108.1
9.548e+09,-99.888
9.548e+09,-99.453
9.548e+09,-98.065
9.5481e+09,-92.257
9.5481e+09,-95.688
9.5482e+09,-93.257
9.5482e+09,-93.591
9.5483e+09,-97.804
9.5483e+09,-92.862
9.5484e+09,-104.82
9.5484e+09,-95.866
9.5485e+09,-93.565
9.5485e+09,-101.59
9.5486e+09,-101.34
9.5486e+09,-93.77
9.5487e+09,-99.027
9.5487e+09,-93.378
9.5488e+09,-97.148
9.5488e+09,-96.713
9.5489e+09,-93.179
9.5489e+09,-94.475
9.549e+09,-95.251
9.549e+09,-101.29
9.5491e+09,-103.69
9.5491e+09,-101.04
9.5492e+09,-96.672
9.5492e+09,-96.352
9.5493e+09,-97.604
9.5493e+09,-96.21
9.5494e+09,-96.132
9.5494e+09,-92.546
9.5494e+09,-96.622
9.5495e+09,-95.7
9.5495e+09,-96.015
9.5496e+09,-91.518
9.5496e+09,-96.262
9.5497e+09,-102.04
9.5497e+09,-96.528
9.5498e+09,-97.728
9.5498e+09,-103.38
9.5499e+09,-96.298
9.5499e+09,-97.504
9.55e+09,-92.66
9.55e+09,-94.318
9.5501e+09,-91.124
9.5501e+09,-101.84
9.5502e+09,-91.473
9.5502e+09,-96.955
9.5503e+09,-101.21
9.5503e+09,-96.181
9.5504e+09,-92.798
9.5504e+09,-92.688
9.5505e+09,-93.411
9.5505e+09,-95.15
9.5506e+09,-96.013
9.5506e+09,-102.05
9.5507e+09,-92.041
9.5507e+09,-93.718
9.5508e+09,-97.59
9.5508e+09,-93.57
9.5508e+09,-95.399
9.5509e+09,-95.444
9.5509e+09,-94.881
9.551e+09,-96.009
9.551e+09,-99.562
9.5511e+09,-93.364
9.5511e+09,-94.24
9.5512e+09,-93.912
9.5512e+09,-97.955
9.5513e+09,-97.536
9.5513e+09,-92.601
9.5514e+09,-91.556
9.5514e+09,-97.8
9.5515e+09,-94.348
9.5515e+09,-92.308
9.5516e+09,-93.282
9.5516e+09,-96.275
9.5517e+09,-90.621
9.5517e+09,-96.888
9.5518e+09,-97.293
9.5518e+09,-95.141
9.5519e+09,-102.92
9.5519e+09,-100.95
9.552e+09,-95.497
9.552e+09,-89.401
9.5521e+09,-94.276
9.5521e+09,-99.418
9.5522e+09,-99.023
9.5522e+09,-101.51
9.5522e+09,-92.409
9.5523e+09,-96.436
9.5523e+09,-99.273
9.5524e+09,-91.953
9.5524e+09,-91.223
9.5525e+09,-104.4
9.5525e+09,-95.837
9.5526e+09,-96.199
9.5526e+09,-92.983
9.5527e+09,-94.644
9.5527e+09,-96.302
9.5528e+09,-96.881
9.5528e+09,-93.917
9.5529e+09,-98.993
9.5529e+09,-91.703
9.553e+09,-96.523
9.553e+09,-92.527
9.5531e+09,-98.551
9.5531e+09,-97.246
9.5532e+09,-98.231
9.5532e+09,-94.876
9.5533e+09,-96.068
9.5533e+09,-93.92
9.5534e+09,-91.278
9.5534e+09,-91.772
9.5535e+09,-96.431
9.5535e+09,-96.017
9.5536e+09,-91.112
9.5536e+09,-98.183
9.5536e+09,-93.806
9.5537e+09,-96.858
9.5537e+09,-90.341
9.5538e+09,-95.293
9.5538e+09,-91.21
9.5539e+09,-96.318
9.5539e+09,-96.741
9.554e+09,-92.115
9.554e+09,-91.227
9.5541e+09,-94.948
9.5541e+09,-95.934
9.5542e+09,-92.992
9.5542e+09,-95.733
9.5543e+09,-92.277
9.5543e+09,-91.886
9.5544e+09,-92.182
9.5544e+09,-94.904
9.5545e+09,-92.489
9.5545e+09,-93.328
9.5546e+09,-91.665
9.5546e+09,-94.041
9.5547e+09,-90.931
9.5547e+09,-91.254
9.5548e+09,-95.707
9.5548e+09,-90.731
9.5549e+09,-95.593
9.5549e+09,-93.819
9.555e+09,-98.17
9.555e+09,-91.694
9.555e+09,-93.931
9.5551e+09,-94.585
9.5551e+09,-94.135
9.5552e+09,-95.37
9.5552e+09,-92.583
9.5553e+09,-92.729
9.5553e+09,-92.838
9.5554e+09,-90.682
9.5554e+09,-96.817
9.5555e+09,-91.116
9.5555e+09,-90.675
9.5556e+09,-96.284
9.5556e+09,-93.071
9.5557e+09,-92.543
9.5557e+09,-92.951
9.5558e+09,-93.07
9.5558e+09,-91.14
9.5559e+09,-92.717
9.5559e+09,-92.308
9.556e+09,-96.371
9.556e+09,-97.138
9.5561e+09,-90.375
9.5561e+09,-94.376
9.5562e+09,-93.994
9.5562e+09,-87.913
9.5563e+09,-91.754
9.5563e+09,-90.405
9.5564e+09,-91.519
9.5564e+09,-92.763
9.5564e+09,-93.756
9.5565e+09,-92.812
9.5565e+09,-90.924
9.5566e+09,-97.71
9.5566e+09,-96.09
9.5567e+09,-91.369
9.5567e+09,-92.53
9.5568e+09,-94.036
9.5568e+09,-91.321
9.5569e+09,-94.559
9.5569e+09,-91.239
9.557e+09,-91.007
9.557e+09,-91.839
9.5571e+09,-93.057
9.5571e+09,-96.983
9.5572e+09,-93.351
9.5572e+09,-92.828
9.5573e+09,-89.711
9.5573e+09,-93.659
9.5574e+09,-91.247
9.5574e+09,-96.172
9.5575e+09,-91.485
9.5575e+09,-91.167
9.5576e+09,-99.417
9.5576e+09,-93.423
9.5577e+09,-91.256
9.5577e+09,-92.292
9.5578e+09,-92.45
9.5578e+09,-94.538
9.5578e+09,-89.914
9.5579e+09,-89.161
9.5579e+09,-90.721
9.558e+09,-90.523
9.558e+09,-93.239
9.5581e+09,-95.667
9.5581e+09,-90.933
9.5582e+09,-92.524
9.5582e+09,-90.593
9.5583e+09,-90.912
9.5583e+09,-91.021
9.5584e+09,-90.589
9.5584e+09,-93.072
9.5585e+09,-92.94
9.5585e+09,-94.677
9.5586e+09,-93.296
9.5586e+09,-88.691
9.5587e+09,-88.855
9.5587e+09,-92.68
9.5588e+09,-91.862
9.5588e+09,-92.971
9.5589e+09,-90.426
9.5589e+09,-92.684
9.559e+09,-91.887
9.559e+09,-92.448
9.5591e+09,-91.495
9.5591e+09,-95.158
9.5592e+09,-87.729
9.5592e+09,-90.609
9.5592e+09,-91.291
9.5593e+09,-92.724
9.5593e+09,-93.841
9.5594e+09,-91.113
9.5594e+09,-88.356
9.5595e+09,-93.492
9.5595e+09,-89.207
9.5596e+09,-92.408
9.5596e+09,-92.981
9.5597e+09,-91.443
9.5597e+09,-89.897
9.5598e+09,-91.558
9.5598e+09,-92.315
9.5599e+09,-90.515
9.5599e+09,-91.994
9.56e+09,-89.435
9.56e+09,-94.378
9.5601e+09,-90.882
9.5601e+09,-89.232
9.5602e+09,-92.239
9.5602e+09,-88.508
9.5603e+09,-91.513
9.5603e+09,-89.292
9.5604e+09,-90.773
9.5604e+09,-92.611
9.5605e+09,-87.978
9.5605e+09,-94.354
9.5606e+09,-90.998
9.5606e+09,-87.75
9.5606e+09,-88.936
9.5607e+09,-89.252
9.5607e+09,-89.837
9.5608e+09,-90.201
9.5608e+09,-87.906
9.5609e+09,-90.445
9.5609e+09,-89.983
9.561e+09,-89.647
9.561e+09,-93.286
9.5611e+09,-87.473
9.5611e+09,-86.972
9.5612e+09,-91.8
9.5612e+09,-91.63
9.5613e+09,-89.031
9.5613e+09,-89.938
9.5614e+09,-91.317
9.5614e+09,-89.764
9.5615e+09,-88.314
9.5615e+09,-88.46
9.5616e+09,-91.551
9.5616e+09,-88.211
9.5617e+09,-87.673
9.5617e+09,-87.752
9.5618e+09,-89.533
9.5618e+09,-93.838
9.5619e+09,-89.593
9.5619e+09,-88.102
9.5619e+09,-90.186
9.562e+09,-91.687
9.562e+09,-88.86
9.5621e+09,-89.062
9.5621e+09,-89.298
9.5622e+09,-89.558
9.5622e+09,-92.262
9.5623e+09,-90.179
9.5623e+09,-87.436
9.5624e+09,-87.439
9.5624e+09,-89.678
9.5625e+09,-88.106
9.5625e+09,-89.752
9.5626e+09,-91.172
9.5626e+09,-88.351
9.5627e+09,-87.144
9.5627e+09,-86.206
9.5628e+09,-88.969
9.5628e+09,-88.079
9.5629e+09,-88.262
9.5629e+09,-87.366
9.563e+09,-90.05
9.563e+09,-86.165
9.5631e+09,-86.067
9.5631e+09,-87.886
9.5632e+09,-87.343
9.5632e+09,-87.817
9.5633e+09,-89.809
9.5633e+09,-89.022
9.5633e+09,-85.732
9.5634e+09,-88.792
9.5634e+09,-88.274
9.5635e+09,-87.837
9.5635e+09,-88.673
9.5636e+09,-86.831
9.5636e+09,-86.774
9.5637e+09,-86.847
9.5637e+09,-85.317
9.5638e+09,-87.079
9.5638e+09,-85.441
9.5639e+09,-89.336
9.5639e+09,-86.171
9.564e+09,-87.882
9.564e+09,-87.991
9.5641e+09,-87.715
9.5641e+09,-86.196
9.5642e+09,-85.796
9.5642e+09,-87.783
9.5643e+09,-88.396
9.5643e+09,-87.295
9.5644e+09,-86.961
9.5644e+09,-87.14
9.5645e+09,-87.341
9.5645e+09,-86.876
9.5646e+09,-87.79
9.5646e+09,-86.239
9.5647e+09,-87.014
9.5647e+09,-86.126
9.5647e+09,-86.314
9.5648e+09,-88.649
9.5648e+09,-85.797
9.5649e+09,-84.459
9.5649e+09,-84.957
9.565e+09,-85.737
9.565e+09,-88.097
9.5651e+09,-89.348
9.5651e+09,-85.473
9.5652e+09,-86.441
9.5652e+09,-86.975
9.5653e+09,-87.207
9.5653e+09,-86.618
9.5654e+09,-85.626
9.5654e+09,-83.885
9.5655e+09,-83.756
9.5655e+09,-85.745
9.5656e+09,-86.604
9.5656e+09,-84.64
9.5657e+09,-84.356
9.5657e+09,-84.703
9.5658e+09,-84.367
9.5658e+09,-84.476
9.5659e+09,-86.098
9.5659e+09,-84.151
9.566e+09,-84.629
9.566e+09,-86.112
9.5661e+09,-83.948
9.5661e+09,-83.651
9.5661e+09,-84.569
9.5662e+09,-85.24
9.5662e+09,-85.394
9.5663e+09,-84.624
9.5663e+09,-82.865
9.5664e+09,-85.785
9.5664e+09,-83.491
9.5665e+09,-82.802
9.5665e+09,-83.351
9.5666e+09,-83.15
9.5666e+09,-83.204
9.5667e+09,-84.57
9.5667e+09,-82.28
9.5668e+09,-85.851
9.5668e+09,-83.603
9.5669e+09,-83.644
9.5669e+09,-83.111
9.567e+09,-81.913
9.567e+09,-83.485
9.5671e+09,-82.02
9.5671e+09,-82.429
9.5672e+09,-83.262
9.5672e+09,-81.783
9.5673e+09,-83.373
9.5673e+09,-82.725
9.5674e+09,-82.368
9.5674e+09,-83.126
9.5675e+09,-82.02
9.5675e+09,-81.822
9.5675e+09,-81.209
9.5676e+09,-82.403
9.5676e+09,-82.006
9.5677e+09,-81.823
9.5677e+09,-81.859
9.5678e+09,-81.425
9.5678e+09,-80.872
9.5679e+09,-80.927
9.5679e+09,-80.523
9.568e+09,-80.78
9.568e+09,-80.347
9.5681e+09,-81.685
9.5681e+09,-80.981
9.5682e+09,-80.853
9.5682e+09,-79.921
9.5683e+09,-79.591
9.5683e+09,-79.894
9.5684e+09,-80.339
9.5684e+09,-79.977
9.5685e+09,-80.633
9.5685e+09,-79.77
9.5686e+09,-79.092
9.5686e+09,-79.68
9.5687e+09,-80.036
9.5687e+09,-79.336
9.5688e+09,-79.663
9.5688e+09,-79.456
9.5689e+09,-79.097
9.5689e+09,-78.834
9.5689e+09,-78.075
9.569e+09,-78.717
9.569e+09,-78.516
9.5691e+09,-77.853
9.5691e+09,-78.577
9.5692e+09,-77.931
9.5692e+09,-78.144
9.5693e+09,-77.545
9.5693e+09,-77.941
9.5694e+09,-78.148
9.5694e+09,-77.835
9.5695e+09,-77.763
9.5695e+09,-77.653
9.5696e+09,-77.177
9.5696e+09,-77.463
9.5697e+09,-77.188
9.5697e+09,-77.225
9.5698e+09,-77.008
9.5698e+09,-77.657
9.5699e+09,-77.453
9.5699e+09,-76.949
9.57e+09,-77.247
9.57e+09,-76.934
9.5701e+09,-76.838
9.5701e+09,-77.247
9.5702e+09,-76.331
9.5702e+09,-76.339
9.5703e+09,-76.635
9.5703e+09,-76.141
9.5703e+09,-75.709
9.5704e+09,-75.959
9.5704e+09,-75.663
9.5705e+09,-76.374
9.5705e+09,-75.899
9.5706e+09,-75.622
9.5706e+09,-75.375
9.5707e+09,-75.168
9.5707e+09,-75.427
9.5708e+09,-75.208
9.5708e+09,-74.798
9.5709e+09,-74.842
9.5709e+09,-74.601
9.571e+09,-74.892
9.571e+09,-74.209
9.5711e+09,-74.079
9.5711e+09,-73.702
9.5712e+09,-74.1
9.5712e+09,-74.277
9.5713e+09,-73.647
9.5713e+09,-73.285
9.5714e+09,-73.21
9.5714e+09,-73.625
9.5715e+09,-72.736
9.5715e+09,-73.196
9.5716e+09,-72.774
9.5716e+09,-72.576
9.5717e+09,-72.499
9.5717e+09,-72.89
9.5717e+09,-72.326
9.5718e+09,-72.335
9.5718e+09,-72.181
9.5719e+09,-72.324
9.5719e+09,-72.159
9.572e+09,-72.069
9.572e+09,-72.463
9.5721e+09,-71.898
9.5721e+09,-71.56
9.5722e+09,-71.716
9.5722e+09,-72.068
9.5723e+09,-72.008
9.5723e+09,-71.982
9.5724e+09,-72.186
9.5724e+09,-72.241
9.5725e+09,-72.033
9.5725e+09,-72.307
9.5726e+09,-72.242
9.5726e+09,-72.514
9.5727e+09,-72.609
9.5727e+09,-72.798
9.5728e+09,-72.858
9.5728e+09,-73.212
9.5729e+09,-73.161
9.5729e+09,-73.357
9.573e+09,-73.462
9.573e+09,-73.647
9.5731e+09,-73.243
9.5731e+09,-73.826
9.5731e+09,-73.824
9.5732e+09,-74.215
9.5732e+09,-74.641
9.5733e+09,-73.69
9.5733e+09,-74.517
9.5734e+09,-75.095
9.5734e+09,-74.745
9.5735e+09,-75.432
9.5735e+09,-75.056
9.5736e+09,-75.46
9.5736e+09,-75.1
9.5737e+09,-75.487
9.5737e+09,-75.938
9.5738e+09,-76.351
9.5738e+09,-75.967
9.5739e+09,-76.392
9.5739e+09,-76.129
9.574e+09,-76.23
9.574e+09,-76.265
9.5741e+09,-76.936
9.5741e+09,-76.659
9.5742e+09,-77.602
9.5742e+09,-77.276
9.5743e+09,-77.794
9.5743e+09,-77.823
9.5744e+09,-77.34
9.5744e+09,-77.482
9.5745e+09,-78.221
9.5745e+09,-78.039
9.5745e+09,-78.269
9.5746e+09,-78.297
9.5746e+09,-79.333
9.5747e+09,-78.152
9.5747e+09,-79.245
9.5748e+09,-78.913
9.5748e+09,-79.162
9.5749e+09,-79.773
9.5749e+09,-79.841
9.575e+09,-79.316
9.575e+09,-79.959
9.5751e+09,-80.352
9.5751e+09,-80.285
9.5752e+09,-80.071
9.5752e+09,-80.551
9.5753e+09,-80.299
9.5753e+09,-80.482
9.5754e+09,-79.938
9.5754e+09,-80.734
9.5755e+09,-80.899
9.5755e+09,-81.501
9.5756e+09,-81.021
9.5756e+09,-81.38
9.5757e+09,-81.263
9.5757e+09,-80.551
9.5758e+09,-81.032
9.5758e+09,-80.604
9.5758e+09,-81.208
9.5759e+09,-82.53
9.5759e+09,-81.504
9.576e+09,-81.753
9.576e+09,-82.203
9.5761e+09,-82.553
9.5761e+09,-83.238
9.5762e+09,-81.985
9.5762e+09,-82.335
9.5763e+09,-82.603
9.5763e+09,-82.03
9.5764e+09,-82.582
9.5764e+09,-84.225
9.5765e+09,-82.825
9.5765e+09,-84.245
9.5766e+09,-82.46
9.5766e+09,-83.915
9.5767e+09,-83.504
9.5767e+09,-83.013
9.5768e+09,-83.476
9.5768e+09,-83.053
9.5769e+09,-83.688
9.5769e+09,-83.911
9.577e+09,-84.671
9.577e+09,-85.096
9.5771e+09,-85.052
9.5771e+09,-85.901
9.5772e+09,-84.412
9.5772e+09,-85.654
9.5772e+09,-85.498
9.5773e+09,-84.35
9.5773e+09,-85.006
9.5774e+09,-84.061
9.5774e+09,-83.437
9.5775e+09,-85.654
9.5775e+09,-86.317
9.5776e+09,-84.212
9.5776e+09,-84.567
9.5777e+09,-85.496
9.5777e+09,-84.467
9.5778e+09,-87.1
9.5778e+09,-86.187
9.5779e+09,-85.746
9.5779e+09,-85.464
9.578e+09,-86.342
9.578e+09,-86.568
9.5781e+09,-85.534
9.5781e+09,-87.337
9.5782e+09,-86.435
9.5782e+09,-86.151
9.5783e+09,-84.998
9.5783e+09,-85.386
9.5784e+09,-86.822
9.5784e+09,-86.192
9.5785e+09,-84.844
9.5785e+09,-86.01
9.5786e+09,-86.602
9.5786e+09,-88.333
9.5786e+09,-86.067
9.5787e+09,-86.539
9.5787e+09,-85.324
9.5788e+09,-87.304
9.5788e+09,-86.286
9.5789e+09,-86.922
9.5789e+09,-86.351
9.579e+09,-88.27
9.579e+09,-89.918
9.5791e+09,-88.956
9.5791e+09,-86.64
9.5792e+09,-87.525
9.5792e+09,-87.69
9.5793e+09,-86.853
9.5793e+09,-87.666
9.5794e+09,-86.479
9.5794e+09,-89.692
9.5795e+09,-87.601
9.5795e+09,-90.713
9.5796e+09,-87.832
9.5796e+09,-90.462
9.5797e+09,-89.176
9.5797e+09,-87.681
9.5798e+09,-87.107
9.5798e+09,-89.461
9.5799e+09,-87.962
9.5799e+09,-88.294
9.58e+09,-87.567
9.58e+09,-88.477
9.58e+09,-90.694
9.5801e+09,-88.024
9.5801e+09,-91.945
9.5802e+09,-87.942
9.5802e+09,-89.746
9.5803e+09,-89.789
9.5803e+09,-90.91
9.5804e+09,-90.372
9.5804e+09,-88.976
9.5805e+09,-90.048
9.5805e+09,-88.501
9.5806e+09,-89.414
9.5806e+09,-93.906
9.5807e+09,-90.902
9.5807e+09,-89.839
9.5808e+09,-90.164
9.5808e+09,-91.582
9.5809e+09,-89.893
9.5809e+09,-88.464
9.581e+09,-91.117
9.581e+09,-91.787
9.5811e+09,-90.727
9.5811e+09,-90.274
9.5812e+09,-88.723
9.5812e+09,-88.266
9.5813e+09,-90.174
9.5813e+09,-91.197
9.5814e+09,-93.692
9.5814e+09,-88.947
9.5814e+09,-90.712
9.5815e+09,-89.593
9.5815e+09,-90.288
9.5816e+09,-88.688
9.5816e+09,-91.929
9.5817e+09,-92.79
9.5817e+09,-92.002
9.5818e+09,-91.393
9.5818e+09,-97.727
9.5819e+09,-89.79
9.5819e+09,-96.609
9.582e+09,-89.164
9.582e+09,-91.447
9.5821e+09,-90.668
9.5821e+09,-93.293
9.5822e+09,-92.619
9.5822e+09,-92.76
9.5823e+09,-92.56
9.5823e+09,-93.093
9.5824e+09,-96.241
9.5824e+09,-93.589
9.5825e+09,-90.503
9.5825e+09,-92.342
9.5826e+09,-93.12
9.5826e+09,-93.003
9.5827e+09,-90.899
9.5827e+09,-93.232
9.5828e+09,-92.432
9.5828e+09,-89.25
9.5828e+09,-94.475
9.5829e+09,-92.557
9.5829e+09,-93.74
9.583e+09,-95.654
9.583e+09,-89.426
9.5831e+09,-91.265
9.5831e+09,-96.144
9.5832e+09,-93.766
9.5832e+09,-92.551
9.5833e+09,-95.51
9.5833e+09,-90.94
9.5834e+09,-94.583
9.5834e+09,-95.11
9.5835e+09,-97.12
9.5835e+09,-93.877
9.5836e+09,-91.849
9.5836e+09,-105.92
9.5837e+09,-89.56
9.5837e+09,-92.645
9.5838e+09,-94.136
9.5838e+09,-99.171
9.5839e+09,-93.16
9.5839e+09,-97.362
9.584e+09,-93.207
9.584e+09,-95.795
9.5841e+09,-95.727
9.5841e+09,-96.227
9.5842e+09,-95.025
9.5842e+09,-95.159
9.5842e+09,-95.285
9.5843e+09,-93.974
9.5843e+09,-91.88
9.5844e+09,-92.03
9.5844e+09,-96.404
9.5845e+09,-92.632
9.5845e+09,-94.643
9.5846e+09,-99.328
9.5846e+09,-100.6
9.5847e+09,-94.576
9.5847e+09,-94.948
9.5848e+09,-94.312
9.5848e+09,-97.78
9.5849e+09,-93.643
9.5849e+09,-92.223
9.585e+09,-91.29
9.585e+09,-94.987
9.5851e+09,-97.245
9.5851e+09,-98.145
9.5852e+09,-96.642
9.5852e+09,-94.87
9.5853e+09,-101.95
9.5853e+09,-96.077
9.5854e+09,-98.529
9.5854e+09,-92.052
9.5855e+09,-96.538
9.5855e+09,-96.699
9.5856e+09,-98.793
9.5856e+09,-96.736
9.5856e+09,-94.017
9.5857e+09,-95.858
9.5857e+09,-99.935
9.5858e+09,-102.71
9.5858e+09,-99.503
9.5859e+09,-97.931
9.5859e+09,-96
9.586e+09,-96.408
9.586e+09,-99.365
9.5861e+09,-95.623
9.5861e+09,-99.654
9.5862e+09,-97.154
9.5862e+09,-94.047
9.5863e+09,-95.633
9.5863e+09,-92.005
9.5864e+09,-99.722
9.5864e+09,-96.679
9.5865e+09,-100.74
9.5865e+09,-106.54
9.5866e+09,-96.186
9.5866e+09,-97.499
9.5867e+09,-95.455
9.5867e+09,-97.391
9.5868e+09,-97.656
9.5868e+09,-108.26
9.5869e+09,-97.556
9.5869e+09,-99.702
9.587e+09,-97.033
9.587e+09,-99.067
9.587e+09,-103.43
9.5871e+09,-104.74
9.5871e+09,-100.82
9.5872e+09,-97.616
9.5872e+09,-97.014
9.5873e+09,-95.279
9.5873e+09,-96.468
9.5874e+09,-100.7
9.5874e+09,-100.06
9.5875e+09,-96.218
9.5875e+09,-106.9
9.5876e+09,-103.67
9.5876e+09,-100.21
9.5877e+09,-100.31
9.5877e+09,-96.346
9.5878e+09,-99.311
9.5878e+09,-94.712
9.5879e+09,-91.628
9.5879e+09,-99.969
9.588e+09,-99.069
9.588e+09,-94.807
9.5881e+09,-94.858
9.5881e+09,-96.171
9.5882e+09,-95.568
9.5882e+09,-94.168
9.5883e+09,-100.59
9.5883e+09,-100.43
9.5884e+09,-100.28
9.5884e+09,-103.2
9.5884e+09,-98.971
9.5885e+09,-94.452
9.5885e+09,-97.395
9.5886e+09,-93.503
9.5886e+09,-93.624
9.5887e+09,-105.96
9.5887e+09,-92.914
9.5888e+09,-97.997
9.5888e+09,-104.36
9.5889e+09,-94.487
9.5889e+09,-98.22
9.589e+09,-94.308
9.589e+09,-94.763
9.5891e+09,-93.206
9.5891e+09,-95.336
9.5892e+09,-97.986
9.5892e+09,-101.88
9.5893e+09,-92.185
9.5893e+09,-95.404
9.5894e+09,-93.975
9.5894e+09,-95.494
9.5895e+09,-91.62
9.5895e+09,-98.894
9.5896e+09,-94.757
9.5896e+09,-94.376
9.5897e+09,-95.513
9.5897e+09,-96.215
9.5898e+09,-90.07
9.5898e+09,-91.488
9.5898e+09,-91.934
9.5899e+09,-93.693
9.5899e+09,-98.184
9.59e+09,-93.307
9.59e+09,-93.686
9.5901e+09,-91.717
9.5901e+09,-101.63
9.5902e+09,-93.383
9.5902e+09,-96.814
9.5903e+09,-92.503
9.5903e+09,-90.593
9.5904e+09,-96.292
9.5904e+09,-94.504
9.5905e+09,-89.839
9.5905e+09,-94.331
9.5906e+09,-92.547
9.5906e+09,-92.504
9.5907e+09,-92.677
9.5907e+09,-94.821
9.5908e+09,-91.889
9.5908e+09,-92.699
9.5909e+09,-90.713
9.5909e+09,-92.192
9.591e+09,-95.458
9.591e+09,-89.771
9.5911e+09,-93.383
9.5911e+09,-92.515
9.5911e+09,-92.316
9.5912e+09,-91.702
9.5912e+09,-92.595
9.5913e+09,-91.402
9.5913e+09,-91.151
9.5914e+09,-93.393
9.5914e+09,-92.779
9.5915e+09,-90.315
9.5915e+09,-89.888
9.5916e+09,-89.522
9.5916e+09,-93.697
9.5917e+09,-89.213
9.5917e+09,-90.091
9.5918e+09,-90.512
9.5918e+09,-91.856
9.5919e+09,-90.673
9.5919e+09,-90.763
9.592e+09,-89.291
9.592e+09,-92.156
9.5921e+09,-88.759
9.5921e+09,-88.977
9.5922e+09,-89.206
9.5922e+09,-89.061
9.5923e+09,-90.56
9.5923e+09,-89.002
9.5924e+09,-91.433
9.5924e+09,-90.631
9.5925e+09,-90.254
9.5925e+09,-89.831
9.5925e+09,-87.372
9.5926e+09,-91.006
9.5926e+09,-94.537
9.5927e+09,-92.441
9.5927e+09,-91.348
9.5928e+09,-93.403
9.5928e+09,-90.334
9.5929e+09,-90.677
9.5929e+09,-88.352
9.593e+09,-90.436
9.593e+09,-89.82
9.5931e+09,-91.413
9.5931e+09,-87.765
9.5932e+09,-88.839
9.5932e+09,-87.506
9.5933e+09,-85.714
9.5933e+09,-87.051
9.5934e+09,-87.052
9.5934e+09,-86.807
9.5935e+09,-86.087
9.5935e+09,-87.105
9.5936e+09,-86.192
9.5936e+09,-87.467
9.5937e+09,-88.345
9.5937e+09,-88.784
9.5938e+09,-87.332
9.5938e+09,-86.984
9.5939e+09,-87.567
9.5939e+09,-87.985
9.5939e+09,-86.624
9.594e+09,-85.003
9.594e+09,-87.617
9.5941e+09,-86.725
9.5941e+09,-86.753
9.5942e+09,-88.632
9.5942e+09,-89.667
9.5943e+09,-87.313
9.5943e+09,-86.256
9.5944e+09,-86.382
9.5944e+09,-86.37
9.5945e+09,-89.275
9.5945e+09,-87.017
9.5946e+09,-86.143
9.5946e+09,-86.613
9.5947e+09,-84.93
9.5947e+09,-86.231
9.5948e+09,-86.662
9.5948e+09,-85.859
9.5949e+09,-85.393
9.5949e+09,-86.16
9.595e+09,-85.38
9.595e+09,-89.496
9.5951e+09,-85.613
9.5951e+09,-85.407
9.5952e+09,-86.246
9.5952e+09,-84.644
9.5953e+09,-85.657
9.5953e+09,-85.794
9.5953e+09,-85.949
9.5954e+09,-85.656
9.5954e+09,-85.01
9.5955e+09,-85.852
9.5955e+09,-85.221
9.5956e+09,-84.522
9.5956e+09,-84.183
9.5957e+09,-86.431
9.5957e+09,-84.676
9.5958e+09,-85.157
9.5958e+09,-85.034
9.5959e+09,-85.254
9.5959e+09,-85.882
9.596e+09,-84.266
9.596e+09,-83.804
9.5961e+09,-84.315
9.5961e+09,-82.993
9.5962e+09,-84.915
9.5962e+09,-85.727
9.5963e+09,-84.276
9.5963e+09,-85.308
9.5964e+09,-84.73
9.5964e+09,-83.222
9.5965e+09,-84.343
9.5965e+09,-84.245
9.5966e+09,-84.222
9.5966e+09,-82.938
9.5967e+09,-83.515
9.5967e+09,-82.925
9.5967e+09,-83.842
9.5968e+09,-82.901
9.5968e+09,-84.996
9.5969e+09,-83.583
9.5969e+09,-84.922
9.597e+09,-83.963
9.597e+09,-83.551
9.5971e+09,-83.155
9.5971e+09,-85.107
9.5972e+09,-83.82
9.5972e+09,-83.118
9.5973e+09,-83.55
9.5973e+09,-83.845
9.5974e+09,-84.442
9.5974e+09,-82.819
9.5975e+09,-83.264
9.5975e+09,-82.902
9.5976e+09,-83.994
9.5976e+09,-82.869
9.5977e+09,-82.662
9.5977e+09,-82.782
9.5978e+09,-83.192
9.5978e+09,-81.915
9.5979e+09,-82.985
9.5979e+09,-83.605
9.598e+09,-82.407
9.598e+09,-82.99
9.5981e+09,-83.465
9.5981e+09,-82.113
9.5981e+09,-82.448
9.5982e+09,-82.766
9.5982e+09,-83.606
9.5983e+09,-81.945
9.5983e+09,-82.902
9.5984e+09,-83.926
9.5984e+09,-82.321
9.5985e+09,-81.814
9.5985e+09,-83.647
9.5986e+09,-81.885
9.5986e+09,-82.276
9.5987e+09,-82.219
9.5987e+09,-82.862
9.5988e+09,-82.722
9.5988e+09,-81.634
9.5989e+09,-82.943
9.5989e+09,-83.798
9.599e+09,-82.75
9.599e+09,-81.552
9.5991e+09,-81.676
9.5991e+09,-82.284
9.5992e+09,-84.264
9.5992e+09,-81.492
9.5993e+09,-82.855
9.5993e+09,-81.612
9.5994e+09,-82.68
9.5994e+09,-81.377
9.5995e+09,-81.947
9.5995e+09,-81.105
9.5995e+09,-81.032
9.5996e+09,-82.102
9.5996e+09,-81.429
9.5997e+09,-82.736
9.5997e+09,-82.278
9.5998e+09,-82.643
9.5998e+09,-81.633
9.5999e+09,-82.065
9.5999e+09,-81.421
9.6e+09,-81.909
9.6e+09,-81.863
9.6001e+09,-81.492
9.6001e+09,-83.462
9.6002e+09,-82.519
9.6002e+09,-82.125
9.6003e+09,-81.696
9.6003e+09,-82.823
9.6004e+09,-81.44
9.6004e+09,-83.063
9.6005e+09,-81.893
9.6005e+09,-81.97
9.6006e+09,-83.041
9.6006e+09,-81.106
9.6007e+09,-82.61
9.6007e+09,-81.909
9.6008e+09,-81.674
9.6008e+09,-81.812
9.6009e+09,-82.709
9.6009e+09,-81.552
9.6009e+09,-81.864
9.601e+09,-81.529
9.601e+09,-81.128
9.6011e+09,-81.982
9.6011e+09,-81.945
9.6012e+09,-82.007
9.6012e+09,-81.711
9.6013e+09,-81.138
9.6013e+09,-81.169
9.6014e+09,-81.13
9.6014e+09,-80.975
9.6015e+09,-81.741
9.6015e+09,-81.701
9.6016e+09,-82.509
9.6016e+09,-81.612
9.6017e+09,-82.697
9.6017e+09,-83.056
9.6018e+09,-81.947
9.6018e+09,-81.953
9.6019e+09,-82.37
9.6019e+09,-82.256
9.602e+09,-82.14
9.602e+09,-82.003
9.6021e+09,-81.773
9.6021e+09,-81.93
9.6022e+09,-81.573
9.6022e+09,-82.474
9.6023e+09,-81.727
9.6023e+09,-80.744
9.6023e+09,-81.242
9.6024e+09,-82.156
9.6024e+09,-82.338
9.6025e+09,-82.094
9.6025e+09,-81.224
9.6026e+09,-81.197
9.6026e+09,-82.118
9.6027e+09,-83.361
9.6027e+09,-83.651
9.6028e+09,-82.115
9.6028e+09,-82.331
9.6029e+09,-82.099
9.6029e+09,-83.078
9.603e+09,-82.986
9.603e+09,-83.668
9.6031e+09,-82.391
9.6031e+09,-81.403
9.6032e+09,-82.274
9.6032e+09,-82.011
9.6033e+09,-82.979
9.6033e+09,-83.169
9.6034e+09,-82.539
9.6034e+09,-82.125
9.6035e+09,-82.293
9.6035e+09,-82.098
9.6036e+09,-82.474
9.6036e+09,-82.177
9.6037e+09,-81.815
9.6037e+09,-82.158
9.6037e+09,-81.452
9.6038e+09,-83.176
9.6038e+09,-82.801
9.6039e+09,-82.029
9.6039e+09,-82.045
9.604e+09,-82.988
9.604e+09,-81.944
9.6041e+09,-81.984
9.6041e+09,-83.548
9.6042e+09,-83.348
9.6042e+09,-81.646
9.6043e+09,-82.61
9.6043e+09,-82.638
9.6044e+09,-83.404
9.6044e+09,-82.068
9.6045e+09,-81.381
9.6045e+09,-83.803
9.6046e+09,-82.88
9.6046e+09,-83.423
9.6047e+09,-81.987
9.6047e+09,-84.268
9.6048e+09,-84.015
9.6048e+09,-81.938
9.6049e+09,-83.25
9.6049e+09,-82.354
9.605e+09,-82.675
9.605e+09,-82.145
9.605e+09,-82.944
9.6051e+09,-83.938
9.6051e+09,-82.958
9.6052e+09,-83.985
9.6052e+09,-82.788
9.6053e+09,-84.161
9.6053e+09,-83.572
9.6054e+09,-82.721
9.6054e+09,-83.596
9.6055e+09,-83.626
9.6055e+09,-84.224
9.6056e+09,-82.565
9.6056e+09,-83.774
9.6057e+09,-82.533
9.6057e+09,-82.959
9.6058e+09,-83.447
9.6058e+09,-85.183
9.6059e+09,-85.755
9.6059e+09,-83.331
9.606e+09,-83.585
9.606e+09,-85.176
9.6061e+09,-83.747
9.6061e+09,-83.911
9.6062e+09,-83.171
9.6062e+09,-83.141
9.6063e+09,-85.045
9.6063e+09,-83.258
9.6064e+09,-83.337
9.6064e+09,-83.379
9.6064e+09,-85.276
9.6065e+09,-84.408
9.6065e+09,-83.868
9.6066e+09,-83.594
9.6066e+09,-85.059
9.6067e+09,-84.423
9.6067e+09,-84.088
9.6068e+09,-83.954
9.6068e+09,-83.326
9.6069e+09,-84.008
9.6069e+09,-85.963
9.607e+09,-83.849
9.607e+09,-82.473
9.6071e+09,-84.624
9.6071e+09,-84.194
9.6072e+09,-84.199
9.6072e+09,-83.7
9.6073e+09,-84.281
9.6073e+09,-83.725
9.6074e+09,-84.528
9.6074e+09,-83.906
9.6075e+09,-84.999
9.6075e+09,-85.074
9.6076e+09,-85.47
9.6076e+09,-84.476
9.6077e+09,-85.516
9.6077e+09,-83.195
9.6078e+09,-86.491
9.6078e+09,-83.915
9.6078e+09,-84.271
9.6079e+09,-84.904
9.6079e+09,-85.87
9.608e+09,-83.89
9.608e+09,-85.763
9.6081e+09,-86.027
9.6081e+09,-88.464
9.6082e+09,-85.37
9.6082e+09,-86.938
9.6083e+09,-83.286
9.6083e+09,-85.458
9.6084e+09,-84.596
9.6084e+09,-84.568
9.6085e+09,-84.369
9.6085e+09,-88.885
9.6086e+09,-85.734
9.6086e+09,-85.79
9.6087e+09,-85.512
9.6087e+09,-85.189
9.6088e+09,-85.686
9.6088e+09,-85.751
9.6089e+09,-86.507
9.6089e+09,-85.923
9.609e+09,-86.173
9.609e+09,-84.902
9.6091e+09,-87.999
9.6091e+09,-86.016
9.6092e+09,-84.382
9.6092e+09,-85.138
9.6092e+09,-84.649
9.6093e+09,-85.093
9.6093e+09,-85.829
9.6094e+09,-85.616
9.6094e+09,-85.283
9.6095e+09,-87.719
9.6095e+09,-84.547
9.6096e+09,-85.466
9.6096e+09,-85.764
9.6097e+09,-84.95
9.6097e+09,-88.119
9.6098e+09,-86.114
9.6098e+09,-88.044
9.6099e+09,-85.297
9.6099e+09,-85.014
9.61e+09,-86.529
9.61e+09,-86.748
9.6101e+09,-85.587
9.6101e+09,-90.232
9.6102e+09,-85.838
9.6102e+09,-86.242
9.6103e+09,-84.51
9.6103e+09,-85.98
9.6104e+09,-85.911
9.6104e+09,-85.688
9.6105e+09,-86.343
9.6105e+09,-85.393
9.6106e+09,-84.033
9.6106e+09,-85.55
9.6106e+09,-87.678
9.6107e+09,-86.413
9.6107e+09,-85.725
9.6108e+09,-87.363
9.6108e+09,-87.14
9.6109e+09,-87.959
9.6109e+09,-86.161
9.611e+09,-86.273
9.611e+09,-86.632
9.6111e+09,-85.313
9.6111e+09,-86.511
9.6112e+09,-87.562
9.6112e+09,-87.052
9.6113e+09,-87.166
9.6113e+09,-85.806
9.6114e+09,-87.823
9.6114e+09,-89.025
9.6115e+09,-87.452
9.6115e+09,-88.257
9.6116e+09,-86.183
9.6116e+09,-86.578
9.6117e+09,-86.241
9.6117e+09,-86.151
9.6118e+09,-86.735
9.6118e+09,-86.829
9.6119e+09,-87.303
9.6119e+09,-89.157
9.612e+09,-87.688
9.612e+09,-89.103
9.612e+09,-88.162
9.6121e+09,-91.041
9.6121e+09,-87.994
9.6122e+09,-84.565
9.6122e+09,-87.678
9.6123e+09,-88.35
9.6123e+09,-87.93
9.6124e+09,-86.586
9.6124e+09,-88.559
9.6125e+09,-90.586
9.6125e+09,-88.908
9.6126e+09,-87.077
9.6126e+09,-87.889
9.6127e+09,-84.995
9.6127e+09,-87.587
9.6128e+09,-87.417
9.6128e+09,-87.605
9.6129e+09,-89.024
9.6129e+09,-88.621
9.613e+09,-90.149
9.613e+09,-87.647
9.6131e+09,-87.319
9.6131e+09,-90.261
9.6132e+09,-86.353
9.6132e+09,-87.463
9.6133e+09,-89.333
9.6133e+09,-89.04
9.6134e+09,-88.89
9.6134e+09,-87.369
9.6134e+09,-86.155
9.6135e+09,-87.572
9.6135e+09,-87.446
9.6136e+09,-88.901
9.6136e+09,-87.813
9.6137e+09,-88.747
9.6137e+09,-88.197
9.6138e+09,-87.635
9.6138e+09,-90.596
9.6139e+09,-86.85
9.6139e+09,-87.515
9.614e+09,-88.372
9.614e+09,-87.281
9.6141e+09,-85.965
9.6141e+09,-86.675
9.6142e+09,-87.727
9.6142e+09,-89.607
9.6143e+09,-87.035
9.6143e+09,-88.035
9.6144e+09,-89.493
9.6144e+09,-86.365
9.6145e+09,-90.376
9.6145e+09,-90.808
9.6146e+09,-88.567
9.6146e+09,-90.108
9.6147e+09,-89.946
9.6147e+09,-90.308
9.6148e+09,-88.246
9.6148e+09,-89.222
9.6148e+09,-91.346
9.6149e+09,-87.912
9.6149e+09,-90.662
9.615e+09,-90.039
9.615e+09,-88.692
9.6151e+09,-89.059
9.6151e+09,-88.608
9.6152e+09,-90.424
9.6152e+09,-89.086
9.6153e+09,-88.783
9.6153e+09,-87.7
9.6154e+09,-89.702
9.6154e+09,-88.534
9.6155e+09,-88.14
9.6155e+09,-89.546
9.6156e+09,-91.144
9.6156e+09,-90.615
9.6157e+09,-89.827
9.6157e+09,-89.93
9.6158e+09,-87.932
9.6158e+09,-88.654
9.6159e+09,-88.832
9.6159e+09,-88.697
9.616e+09,-91.096
9.616e+09,-89.863
9.6161e+09,-91.662
9.6161e+09,-89.429
9.6162e+09,-89.115
9.6162e+09,-90.688
9.6162e+09,-92.194
9.6163e+09,-89.142
9.6163e+09,-91.074
9.6164e+09,-89.377
9.6164e+09,-92.039
9.6165e+09,-88.966
9.6165e+09,-88.701
9.6166e+09,-88.885
9.6166e+09,-91.959
9.6167e+09,-89.009
9.6167e+09,-90.633
9.6168e+09,-90.467
9.6168e+09,-89.76
9.6169e+09,-89.211
9.6169e+09,-90.762
9.617e+09,-90.599
9.617e+09,-88.144
9.6171e+09,-90.879
9.6171e+09,-89.976
9.6172e+09,-90.212
9.6172e+09,-89.179
9.6173e+09,-88.982
9.6173e+09,-92.463
9.6174e+09,-93.929
9.6174e+09,-91.615
9.6175e+09,-88.578
9.6175e+09,-88.278
9.6176e+09,-90.185
9.6176e+09,-91.012
9.6176e+09,-90.493
9.6177e+09,-90.746
9.6177e+09,-92.009
9.6178e+09,-91.35
9.6178e+09,-92.179
9.6179e+09,-89.517
9.6179e+09,-91.015
9.618e+09,-91.146
9.618e+09,-92.806
9.6181e+09,-89.455
9.6181e+09,-88.775
9.6182e+09,-92.989
9.6182e+09,-93.238
9.6183e+09,-89.516
9.6183e+09,-91.97
9.6184e+09,-90.381
9.6184e+09,-94.835
9.6185e+09,-89.817
9.6185e+09,-89.914
9.6186e+09,-91.349
9.6186e+09,-94.733
9.6187e+09,-90.157
9.6187e+09,-91.978
9.6188e+09,-94.359
9.6188e+09,-92.77
9.6189e+09,-94.193
9.6189e+09,-89.682
9.619e+09,-87.467
9.619e+09,-89.142
9.619e+09,-88.021
9.6191e+09,-92.712
9.6191e+09,-88.719
9.6192e+09,-90.585
9.6192e+09,-93.625
9.6193e+09,-89.633
9.6193e+09,-95.404
9.6194e+09,-92.426
9.6194e+09,-95.15
9.6195e+09,-90.829
9.6195e+09,-94.326
9.6196e+09,-91.756
9.6196e+09,-92.735
9.6197e+09,-89.344
9.6197e+09,-91.849
9.6198e+09,-91.882
9.6198e+09,-93.228
9.6199e+09,-91.709
9.6199e+09,-91.49
9.62e+09,-89.105
9.62e+09,-96.521
9.6201e+09,-94.331
9.6201e+09,-93.072
9.6202e+09,-95.052
9.6202e+09,-91.115
9.6203e+09,-91.858
9.6203e+09,-94.9
9.6203e+09,-91.791
9.6204e+09,-95.626
9.6204e+09,-88.827
9.6205e+09,-90.494
9.6205e+09,-97.313
9.6206e+09,-92.716
9.6206e+09,-90.434
9.6207e+09,-92.559
9.6207e+09,-92.399
9.6208e+09,-92.234
9.6208e+09,-93.517
9.6209e+09,-91.521
9.6209e+09,-92.398
9.621e+09,-90.217
9.621e+09,-91.54
9.6211e+09,-90.881
9.6211e+09,-91.475
9.6212e+09,-93.958
9.6212e+09,-92.081
9.6213e+09,-90.863
9.6213e+09,-89.248
9.6214e+09,-95.289
9.6214e+09,-90.424
9.6215e+09,-89.92
9.6215e+09,-89.704
9.6216e+09,-89.098
9.6216e+09,-90.67
9.6217e+09,-92.689
9.6217e+09,-92.714
9.6217e+09,-95.721
9.6218e+09,-90.927
9.6218e+09,-89.609
9.6219e+09,-92.652
9.6219e+09,-95.661
9.622e+09,-92.098
9.622e+09,-95.435
9.6221e+09,-94.776
9.6221e+09,-92.877
9.6222e+09,-94.87
9.6222e+09,-92.018
9.6223e+09,-90.704
9.6223e+09,-96.273
9.6224e+09,-93.43
9.6224e+09,-93.348
9.6225e+09,-95.278
9.6225e+09,-94.602
9.6226e+09,-92.603
9.6226e+09,-93.361
9.6227e+09,-91.543
9.6227e+09,-94.097
9.6228e+09,-91.756
9.6228e+09,-89.95
9.6229e+09,-92.313
9.6229e+09,-90.346
9.623e+09,-92.32
9.623e+09,-97.269
9.6231e+09,-95.421
9.6231e+09,-92.809
9.6231e+09,-101.17
9.6232e+09,-91.284
9.6232e+09,-94.655
9.6233e+09,-91.518
9.6233e+09,-90.999
9.6234e+09,-92.407
9.6234e+09,-93.01
9.6235e+09,-92.148
9.6235e+09,-98.017
9.6236e+09,-91.862
9.6236e+09,-91.879
9.6237e+09,-97.54
9.6237e+09,-95.329
9.6238e+09,-94.567
9.6238e+09,-93.652
9.6239e+09,-93.903
9.6239e+09,-97.429
9.624e+09,-92.142
9.624e+09,-95.759
9.6241e+09,-92.31
9.6241e+09,-92.996
9.6242e+09,-92.979
9.6242e+09,-94.291
9.6243e+09,-101.15
9.6243e+09,-96.895
9.6244e+09,-93.923
9.6244e+09,-94.921
9.6245e+09,-95.97
9.6245e+09,-90.015
9.6245e+09,-91.77
9.6246e+09,-94.177
9.6246e+09,-96.213
9.6247e+09,-94.776
9.6247e+09,-91.149
9.6248e+09,-98.917
9.6248e+09,-92.495
9.6249e+09,-94.376
9.6249e+09,-91.578
9.625e+09,-91.756
9.625e+09,-93.535
9.6251e+09,-93.091
9.6251e+09,-89.288
9.6252e+09,-91.633
9.6252e+09,-93.432
9.6253e+09,-93.429
9.6253e+09,-96.562
9.6254e+09,-93.903
9.6254e+09,-96.186
9.6255e+09,-94.625
9.6255e+09,-98.994
9.6256e+09,-93.787
9.6256e+09,-97.256
9.6257e+09,-95.326
9.6257e+09,-93.021
9.6258e+09,-90.088
9.6258e+09,-94.836
9.6259e+09,-99.874
9.6259e+09,-95.007
9.6259e+09,-98.097
9.626e+09,-95.099
9.626e+09,-91.435
9.6261e+09,-91.004
9.6261e+09,-95.118
9.6262e+09,-94.674
9.6262e+09,-94.577
9.6263e+09,-95.831
9.6263e+09,-97.118
9.6264e+09,-96.34
9.6264e+09,-94.875
9.6265e+09,-89.914
9.6265e+09,-92.571
9.6266e+09,-93.946
9.6266e+09,-90.758
9.6267e+09,-99.813
9.6267e+09,-95.923
9.6268e+09,-89.266
9.6268e+09,-98.345
9.6269e+09,-93.681
9.6269e+09,-94.654
9.627e+09,-92.97
9.627e+09,-97.596
9.6271e+09,-94.868
9.6271e+09,-90.786
9.6272e+09,-96.405
9.6272e+09,-95.842
9.6273e+09,-91.341
9.6273e+09,-96.043
9.6273e+09,-99.315
9.6274e+09,-94.233
9.6274e+09,-93.099
9.6275e+09,-93.385
9.6275e+09,-97.904
9.6276e+09,-94.643
9.6276e+09,-95.316
9.6277e+09,-93.174
9.6277e+09,-95.259
9.6278e+09,-93.051
9.6278e+09,-98.763
9.6279e+09,-93.994
9.6279e+09,-92.203
9.628e+09,-95.146
9.628e+09,-92.625
9.6281e+09,-94.843
9.6281e+09,-91.873
9.6282e+09,-98.782
9.6282e+09,-95.764
9.6283e+09,-92.173
9.6283e+09,-91.139
9.6284e+09,-97.973
9.6284e+09,-96.63
9.6285e+09,-94.4
9.6285e+09,-105.33
9.6286e+09,-92.821
9.6286e+09,-90.88
9.6287e+09,-94.298
9.6287e+09,-91.827
9.6287e+09,-93.715
9.6288e+09,-93.684
9.6288e+09,-98.907
9.6289e+09,-102.87
9.6289e+09,-100.49
9.629e+09,-91.582
9.629e+09,-94.302
9.6291e+09,-91.02
9.6291e+09,-93.616
9.6292e+09,-95.731
9.6292e+09,-95.818
9.6293e+09,-96.014
9.6293e+09,-94.025
9.6294e+09,-92.813
9.6294e+09,-96.687
9.6295e+09,-94.474
9.6295e+09,-93.656
9.6296e+09,-94.899
9.6296e+09,-94.414
9.6297e+09,-93.315
9.6297e+09,-91.332
9.6298e+09,-94.755
9.6298e+09,-97.823
9.6299e+09,-95.406
9.6299e+09,-96.004
9.63e+09,-95.113
9.63e+09,-92.268
9.6301e+09,-95.826
9.6301e+09,-95.043
9.6301e+09,-100.06
9.6302e+09,-97.495
9.6302e+09,-98.429
9.6303e+09,-90.668
9.6303e+09,-98.582
9.6304e+09,-102.87
9.6304e+09,-95.448
9.6305e+09,-94.925
9.6305e+09,-93.438
9.6306e+09,-99.833
9.6306e+09,-97.593
9.6307e+09,-96.673
9.6307e+09,-91.847
9.6308e+09,-94.605
9.6308e+09,-97.042
9.6309e+09,-99.461
9.6309e+09,-95.502
9.631e+09,-99.6
9.631e+09,-101.53
9.6311e+09,-91.234
9.6311e+09,-95.06
9.6312e+09,-98.978
9.6312e+09,-92.856
9.6313e+09,-95.515
9.6313e+09,-97.456
9.6314e+09,-100.61
9.6314e+09,-93.022
9.6315e+09,-91.381
9.6315e+09,-99.481
9.6315e+09,-94.947
9.6316e+09,-95.349
9.6316e+09,-96.061
9.6317e+09,-98.38
9.6317e+09,-95.43
9.6318e+09,-104.14
9.6318e+09,-96.56
9.6319e+09,-101.39
9.6319e+09,-102.51
9.632e+09,-95.469
9.632e+09,-95.14
9.6321e+09,-92.374
9.6321e+09,-93.809
9.6322e+09,-99.024
9.6322e+09,-95.938
9.6323e+09,-94.244
9.6323e+09,-94.652
9.6324e+09,-99.063
9.6324e+09,-104.41
9.6325e+09,-94.582
9.6325e+09,-94.336
9.6326e+09,-98.132
9.6326e+09,-91.636
9.6327e+09,-97.358
9.6327e+09,-96.639
9.6328e+09,-96.929
9.6328e+09,-98.116
9.6329e+09,-94.015
9.6329e+09,-94.816
9.6329e+09,-92.323
9.633e+09,-95.278
9.633e+09,-92.203
9.6331e+09,-94.698
9.6331e+09,-93.814
9.6332e+09,-93.715
9.6332e+09,-96.79
9.6333e+09,-94.671
9.6333e+09,-91.315
9.6334e+09,-93.466
9.6334e+09,-93.497
9.6335e+09,-95.068
9.6335e+09,-100.23
9.6336e+09,-94.432
9.6336e+09,-93.298
9.6337e+09,-101.28
9.6337e+09,-93.915
9.6338e+09,-100.85
9.6338e+09,-91.9
9.6339e+09,-93.234
9.6339e+09,-93.339
9.634e+09,-98.549
9.634e+09,-96.129
9.6341e+09,-106.1
9.6341e+09,-95.113
9.6342e+09,-97.094
9.6342e+09,-97.095
9.6342e+09,-95.131
9.6343e+09,-91.983
9.6343e+09,-99.913
9.6344e+09,-92.858
9.6344e+09,-99.046
9.6345e+09,-97.65
9.6345e+09,-99.7
9.6346e+09,-99.452
9.6346e+09,-99.685
9.6347e+09,-94.555
9.6347e+09,-91.446
9.6348e+09,-94.147
9.6348e+09,-92.878
9.6349e+09,-94.205
9.6349e+09,-106.63
9.635e+09,-99.969
9.635e+09,-96.811
9.6351e+09,-96.761
9.6351e+09,-95.278
9.6352e+09,-94.106
9.6352e+09,-91.993
9.6353e+09,-92.952
9.6353e+09,-92.802
9.6354e+09,-97.678
9.6354e+09,-99.315
9.6355e+09,-95.174
9.6355e+09,-93.645
9.6356e+09,-94.178
9.6356e+09,-91.447
9.6356e+09,-95.603
9.6357e+09,-94.84
9.6357e+09,-96.549
9.6358e+09,-94.437
9.6358e+09,-100.26
9.6359e+09,-94.721
9.6359e+09,-97.572
9.636e+09,-91.593
9.636e+09,-97.794
9.6361e+09,-93.653
9.6361e+09,-96.388
9.6362e+09,-91.341
9.6362e+09,-93.229
9.6363e+09,-100.08
9.6363e+09,-92.959
9.6364e+09,-98.233
9.6364e+09,-95.742
9.6365e+09,-90.904
9.6365e+09,-92.586
9.6366e+09,-95.345
9.6366e+09,-98.674
9.6367e+09,-93.561
9.6367e+09,-96.487
9.6368e+09,-98.425
9.6368e+09,-97.176
9.6369e+09,-101.1
9.6369e+09,-94.453
9.637e+09,-94.323
9.637e+09,-91.24
9.637e+09,-93.778
9.6371e+09,-92.727
9.6371e+09,-92.587
9.6372e+09,-111.55
9.6372e+09,-102.52
9.6373e+09,-95.28
9.6373e+09,-92.996
9.6374e+09,-94.551
9.6374e+09,-101.12
9.6375e+09,-91.058
9.6375e+09,-94.02
9.6376e+09,-94.124
9.6376e+09,-97.476
9.6377e+09,-96.734
9.6377e+09,-97.097
9.6378e+09,-91.691
9.6378e+09,-93.73
9.6379e+09,-100.38
9.6379e+09,-95.162
9.638e+09,-98.064
9.638e+09,-93.559
9.6381e+09,-95.986
9.6381e+09,-97.109
9.6382e+09,-93.359
9.6382e+09,-96.01
9.6383e+09,-92.343
9.6383e+09,-97.603
9.6384e+09,-93.9
9.6384e+09,-100.59
9.6384e+09,-97.87
9.6385e+09,-96.885
9.6385e+09,-94.583
9.6386e+09,-95.863
9.6386e+09,-92.857
9.6387e+09,-92.628
9.6387e+09,-98.712
9.6388e+09,-91.468
9.6388e+09,-95.267
9.6389e+09,-106.3
9.6389e+09,-94.173
9.639e+09,-98.516
9.639e+09,-94.544
9.6391e+09,-97.128
9.6391e+09,-96.134
9.6392e+09,-90.864
9.6392e+09,-94.37
9.6393e+09,-94.268
9.6393e+09,-92.155
9.6394e+09,-100.24
9.6394e+09,-95.549
9.6395e+09,-97.168
9.6395e+09,-90.822
9.6396e+09,-92.498
9.6396e+09,-96.135
9.6397e+09,-92.33
9.6397e+09,-93.738
9.6398e+09,-96.674
9.6398e+09,-100.05
9.6398e+09,-98.453
9.6399e+09,-95.381
9.6399e+09,-95.573
9.64e+09,-99.055
9.64e+09,-97.976
9.6401e+09,-91.091
9.6401e+09,-100.02
9.6402e+09,-98.534
9.6402e+09,-99.518
9.6403e+09,-91.272
9.6403e+09,-93.659
9.6404e+09,-101.15
9.6404e+09,-97.616
9.6405e+09,-93.554
9.6405e+09,-93.981
9.6406e+09,-94.227
9.6406e+09,-95.512
9.6407e+09,-94.152
9.6407e+09,-94.338
9.6408e+09,-93.914
9.6408e+09,-101.79
9.6409e+09,-90.919
9.6409e+09,-93.241
9.641e+09,-96.584
9.641e+09,-96.415
9.6411e+09,-96.376
9.6411e+09,-93.523
9.6412e+09,-97.492
9.6412e+09,-102.36
9.6412e+09,-95.351
9.6413e+09,-92.382
9.6413e+09,-93.442
9.6414e+09,-103.53
9.6414e+09,-91.609
9.6415e+09,-93.875
9.6415e+09,-96.067
9.6416e+09,-94.721
9.6416e+09,-95.237
9.6417e+09,-92.683
9.6417e+09,-95.65
9.6418e+09,-99.697
9.6418e+09,-106.59
9.6419e+09,-94.871
9.6419e+09,-99.932
9.642e+09,-92.308
9.642e+09,-90.498
9.6421e+09,-92.143
9.6421e+09,-98.618
9.6422e+09,-94.332
9.6422e+09,-97.446
9.6423e+09,-93.73
9.6423e+09,-91.125
9.6424e+09,-94.063
9.6424e+09,-97.298
9.6425e+09,-94.371
9.6425e+09,-99.147
9.6426e+09,-93.477
9.6426e+09,-98.847
9.6426e+09,-90.071
9.6427e+09,-95.412
9.6427e+09,-92.374
9.6428e+09,-94.261
9.6428e+09,-93.197
9.6429e+09,-92.655
9.6429e+09,-95.19
9.643e+09,-101.13
9.643e+09,-92.964
9.6431e+09,-93.429
9.6431e+09,-95.67
9.6432e+09,-103.11
9.6432e+09,-94.029
9.6433e+09,-93.756
9.6433e+09,-93.728
9.6434e+09,-97.83
9.6434e+09,-94.639
9.6435e+09,-95.683
9.6435e+09,-94.668
9.6436e+09,-96.438
9.6436e+09,-94.704
9.6437e+09,-92.004
9.6437e+09,-92.568
9.6438e+09,-97.955
9.6438e+09,-92.074
9.6439e+09,-95.832
9.6439e+09,-92.067
9.644e+09,-91.254
9.644e+09,-94.571
9.644e+09,-99.319
9.6441e+09,-92.902
9.6441e+09,-94.563
9.6442e+09,-93.833
9.6442e+09,-90.507
9.6443e+09,-94.17
9.6443e+09,-94.75
9.6444e+09,-96.736
9.6444e+09,-94.049
9.6445e+09,-94.348
9.6445e+09,-97.666
9.6446e+09,-101.45
9.6446e+09,-94.093
9.6447e+09,-95.406
9.6447e+09,-99.551
9.6448e+09,-94.563
9.6448e+09,-93.554
9.6449e+09,-90.638
9.6449e+09,-94.091
9.645e+09,-92.598
9.645e+09,-91.656
9.6451e+09,-91.408
9.6451e+09,-94.662
9.6452e+09,-95.502
9.6452e+09,-91.167
9.6453e+09,-95.12
9.6453e+09,-92.107
9.6454e+09,-93.838
9.6454e+09,-92.976
9.6454e+09,-98.332
9.6455e+09,-94.667
9.6455e+09,-94.758
9.6456e+09,-90.641
9.6456e+09,-92.348
9.6457e+09,-93.439
9.6457e+09,-94.468
9.6458e+09,-93.189
9.6458e+09,-90.641
9.6459e+09,-93.317
9.6459e+09,-96.264
9.646e+09,-92.786
9.646e+09,-92.828
9.6461e+09,-96.637
9.6461e+09,-94.986
9.6462e+09,-90.45
9.6462e+09,-93.372
9.6463e+09,-94.113
9.6463e+09,-93.266
9.6464e+09,-91.132
9.6464e+09,-93.991
9.6465e+09,-91.782
9.6465e+09,-93.305
9.6466e+09,-92.816
9.6466e+09,-92.014
9.6467e+09,-92.559
9.6467e+09,-91.403
9.6468e+09,-93.882
9.6468e+09,-90.639
9.6468e+09,-95.135
9.6469e+09,-95.827
9.6469e+09,-91.375
9.647e+09,-90.937
9.647e+09,-91.554
9.6471e+09,-93.86
9.6471e+09,-90.691
9.6472e+09,-94.413
9.6472e+09,-89.693
9.6473e+09,-91.884
9.6473e+09,-92.316
9.6474e+09,-91.622
9.6474e+09,-92.211
9.6475e+09,-90.458
9.6475e+09,-92.166
9.6476e+09,-93.538
9.6476e+09,-92.254
9.6477e+09,-93.281
9.6477e+09,-95.992
9.6478e+09,-94.632
9.6478e+09,-91.317
9.6479e+09,-89.728
9.6479e+09,-93.486
9.648e+09,-92.908
9.648e+09,-90.542
9.6481e+09,-94.119
9.6481e+09,-92.429
9.6482e+09,-91.021
9.6482e+09,-92.68
9.6482e+09,-90.342
9.6483e+09,-93.627
9.6483e+09,-94.034
9.6484e+09,-90.142
9.6484e+09,-90.297
9.6485e+09,-93.811
9.6485e+09,-90.073
9.6486e+09,-89.47
9.6486e+09,-94.692
9.6487e+09,-91.46
9.6487e+09,-90.901
9.6488e+09,-91.071
9.6488e+09,-94.853
9.6489e+09,-90.46
9.6489e+09,-93.717
9.649e+09,-89.928
9.649e+09,-92.395
9.6491e+09,-92.417
9.6491e+09,-90.415
9.6492e+09,-92.35
9.6492e+09,-91.552
9.6493e+09,-89.993
9.6493e+09,-91.701
9.6494e+09,-92.184
9.6494e+09,-90.989
9.6495e+09,-90.906
9.6495e+09,-87.768
9.6495e+09,-91.154
9.6496e+09,-91.495
9.6496e+09,-90.496
9.6497e+09,-93.357
9.6497e+09,-89.808
9.6498e+09,-92.58
9.6498e+09,-87.523
9.6499e+09,-92.127
9.6499e+09,-88.43
9.65e+09,-93.285
9.65e+09,-91.244
9.6501e+09,-90.374
9.6501e+09,-88.777
9.6502e+09,-90.668
9.6502e+09,-92.191
9.6503e+09,-90.749
9.6503e+09,-88.951
9.6504e+09,-90.751
9.6504e+09,-90.016
9.6505e+09,-88.728
9.6505e+09,-89.919
9.6506e+09,-89.724
9.6506e+09,-91.547
9.6507e+09,-90.421
9.6507e+09,-89.419
9.6508e+09,-92.945
9.6508e+09,-88.124
9.6509e+09,-89.484
9.6509e+09,-87.704
9.6509e+09,-90.663
9.651e+09,-88.57
9.651e+09,-89.869
9.6511e+09,-86.963
9.6511e+09,-91.451
9.6512e+09,-87.175
9.6512e+09,-88.249
9.6513e+09,-93.299
9.6513e+09,-88.815
9.6514e+09,-91.046
9.6514e+09,-88.064
9.6515e+09,-90.238
9.6515e+09,-92.533
9.6516e+09,-87.421
9.6516e+09,-91.159
9.6517e+09,-88.196
9.6517e+09,-88.332
9.6518e+09,-89.554
9.6518e+09,-86.643
9.6519e+09,-89.235
9.6519e+09,-88.562
9.652e+09,-87.354
9.652e+09,-89.419
9.6521e+09,-89.702
9.6521e+09,-88.149
9.6522e+09,-88.894
9.6522e+09,-86.977
9.6523e+09,-88.34
9.6523e+09,-90.76
9.6523e+09,-88.035
9.6524e+09,-89.831
9.6524e+09,-88.398
9.6525e+09,-90.486
9.6525e+09,-89.432
9.6526e+09,-87.336
9.6526e+09,-90.132
9.6527e+09,-87.199
9.6527e+09,-88.528
9.6528e+09,-87.248
9.6528e+09,-87.915
9.6529e+09,-87.145
9.6529e+09,-89.166
9.653e+09,-91.676
9.653e+09,-91.51
9.6531e+09,-91.064
9.6531e+09,-86.282
9.6532e+09,-89.407
9.6532e+09,-87.682
9.6533e+09,-87.675
9.6533e+09,-86.423
9.6534e+09,-86.974
9.6534e+09,-89.107
9.6535e+09,-87.78
9.6535e+09,-90
9.6536e+09,-85.774
9.6536e+09,-87.922
9.6537e+09,-86.234
9.6537e+09,-89.394
9.6537e+09,-86.77
9.6538e+09,-87.199
9.6538e+09,-85.208
9.6539e+09,-86.889
9.6539e+09,-89.575
9.654e+09,-88.8
9.654e+09,-86.07
9.6541e+09,-87.25
9.6541e+09,-86.196
9.6542e+09,-86.214
9.6542e+09,-86.738
9.6543e+09,-86.221
9.6543e+09,-85.139
9.6544e+09,-86.447
9.6544e+09,-85.028
9.6545e+09,-87.041
9.6545e+09,-86.491
9.6546e+09,-86.133
9.6546e+09,-86.214
9.6547e+09,-85.32
9.6547e+09,-84.821
9.6548e+09,-85.85
9.6548e+09,-84.896
9.6549e+09,-85.042
9.6549e+09,-83.895
9.655e+09,-86.5
9.655e+09,-84.804
9.6551e+09,-85.181
9.6551e+09,-85.712
9.6551e+09,-85.543
9.6552e+09,-85.712
9.6552e+09,-84.348
9.6553e+09,-85.947
9.6553e+09,-84.829
9.6554e+09,-83.853
9.6554e+09,-84.526
9.6555e+09,-84.523
9.6555e+09,-86.295
9.6556e+09,-85.289
9.6556e+09,-83.98
9.6557e+09,-84.074
9.6557e+09,-83.993
9.6558e+09,-83.891
9.6558e+09,-83.847
9.6559e+09,-83.734
9.6559e+09,-83.888
9.656e+09,-83.597
9.656e+09,-83.962
9.6561e+09,-84.367
9.6561e+09,-83.016
9.6562e+09,-85.173
9.6562e+09,-83.879
9.6563e+09,-83.629
9.6563e+09,-83.901
9.6564e+09,-81.826
9.6564e+09,-83.494
9.6565e+09,-83.319
9.6565e+09,-82.02
9.6565e+09,-83.941
9.6566e+09,-83.043
9.6566e+09,-82.794
9.6567e+09,-84.615
9.6567e+09,-83.08
9.6568e+09,-83.845
9.6568e+09,-82.299
9.6569e+09,-81.676
9.6569e+09,-83.648
9.657e+09,-82.309
9.657e+09,-82.083
9.6571e+09,-82.301
9.6571e+09,-81.515
9.6572e+09,-81.45
9.6572e+09,-82.203
9.6573e+09,-82.351
9.6573e+09,-82.281
9.6574e+09,-81.862
9.6574e+09,-80.556
9.6575e+09,-81.091
9.6575e+09,-81.195
9.6576e+09,-81.253
9.6576e+09,-80.993
9.6577e+09,-81.195
9.6577e+09,-79.722
9.6578e+09,-80.369
9.6578e+09,-80.098
9.6579e+09,-79.981
9.6579e+09,-79.863
9.6579e+09,-78.818
9.658e+09,-80.196
9.658e+09,-79.052
9.6581e+09,-79.701
9.6581e+09,-78.938
9.6582e+09,-79.228
9.6582e+09,-79.216
9.6583e+09,-78.64
9.6583e+09,-79.075
9.6584e+09,-78.989
9.6584e+09,-78.797
9.6585e+09,-78.92
9.6585e+09,-78.91
9.6586e+09,-78.502
9.6586e+09,-78.083
9.6587e+09,-78.293
9.6587e+09,-78
9.6588e+09,-77.825
9.6588e+09,-77.762
9.6589e+09,-77.934
9.6589e+09,-77.417
9.659e+09,-76.424
9.659e+09,-77.233
9.6591e+09,-76.993
9.6591e+09,-76.777
9.6592e+09,-76.839
9.6592e+09,-76.697
9.6593e+09,-75.961
9.6593e+09,-76.346
9.6593e+09,-75.919
9.6594e+09,-75.7
9.6594e+09,-75.454
9.6595e+09,-75.137
9.6595e+09,-74.927
9.6596e+09,-75.047
9.6596e+09,-74.838
9.6597e+09,-74.063
9.6597e+09,-74.209
9.6598e+09,-73.708
9.6598e+09,-73.469
9.6599e+09,-73.704
9.6599e+09,-72.871
9.66e+09,-73.124
9.66e+09,-71.804
9.6601e+09,-72.317
9.6601e+09,-71.918
9.6602e+09,-71.507
9.6602e+09,-71.243
9.6603e+09,-70.952
9.6603e+09,-70.894
9.6604e+09,-70.392
9.6604e+09,-70.003
9.6605e+09,-69.922
9.6605e+09,-69.673
9.6606e+09,-69.294
9.6606e+09,-68.625
9.6607e+09,-68.184
9.6607e+09,-68.041
9.6607e+09,-67.73
9.6608e+09,-67.441
9.6608e+09,-66.996
9.6609e+09,-66.629
9.6609e+09,-66.175
9.661e+09,-65.852
9.661e+09,-65.459
9.6611e+09,-64.899
9.6611e+09,-64.682
9.6612e+09,-64.562
9.6612e+09,-64.366
9.6613e+09,-64.065
9.6613e+09,-63.992
9.6614e+09,-63.683
9.6614e+09,-63.73
9.6615e+09,-63.896
9.6615e+09,-63.972
9.6616e+09,-64.144
9.6616e+09,-64.261
9.6617e+09,-64.593
9.6617e+09,-64.983
9.6618e+09,-65.215
9.6618e+09,-65.596
9.6619e+09,-65.865
9.6619e+09,-66.396
9.662e+09,-66.765
9.662e+09,-67.041
9.6621e+09,-67.542
9.6621e+09,-67.77
9.6621e+09,-68.071
9.6622e+09,-68.669
9.6622e+09,-68.905
9.6623e+09,-69.42
9.6623e+09,-69.473
9.6624e+09,-69.782
9.6624e+09,-70.362
9.6625e+09,-70.578
9.6625e+09,-70.902
9.6626e+09,-71.048
9.6626e+09,-71.262
9.6627e+09,-71.805
9.6627e+09,-72.279
9.6628e+09,-72.173
9.6628e+09,-72.653
9.6629e+09,-72.435
9.6629e+09,-73.126
9.663e+09,-73.32
9.663e+09,-73.676
9.6631e+09,-73.924
9.6631e+09,-74.041
9.6632e+09,-74.242
9.6632e+09,-74.871
9.6633e+09,-74.329
9.6633e+09,-75.275
9.6634e+09,-74.988
9.6634e+09,-75.43
9.6634e+09,-75.403
9.6635e+09,-75.77
9.6635e+09,-75.979
9.6636e+09,-76.064
9.6636e+09,-76.031
9.6637e+09,-75.889
9.6637e+09,-76.592
9.6638e+09,-76.74
9.6638e+09,-76.985
9.6639e+09,-76.916
9.6639e+09,-77.007
9.664e+09,-77.855
9.664e+09,-76.775
9.6641e+09,-77.449
9.6641e+09,-78.029
9.6642e+09,-78.073
9.6642e+09,-78.329
9.6643e+09,-77.662
9.6643e+09,-78.135
9.6644e+09,-78.129
9.6644e+09,-78.952
9.6645e+09,-78.25
9.6645e+09,-78.217
9.6646e+09,-79.216
9.6646e+09,-78.195
9.6647e+09,-79.829
9.6647e+09,-78.669
9.6648e+09,-79.628
9.6648e+09,-79.605
9.6648e+09,-79.405
9.6649e+09,-80.342
9.6649e+09,-79.589
9.665e+09,-80.471
9.665e+09,-80.046
9.6651e+09,-79.509
9.6651e+09,-79.502
9.6652e+09,-80.774
9.6652e+09,-81.236
9.6653e+09,-81.728
9.6653e+09,-80.486
9.6654e+09,-81.728
9.6654e+09,-81.5
9.6655e+09,-81.474
9.6655e+09,-80.674
9.6656e+09,-81.78
9.6656e+09,-81.321
9.6657e+09,-81.086
9.6657e+09,-80.97
9.6658e+09,-82.317
9.6658e+09,-81.828
9.6659e+09,-81.534
9.6659e+09,-81.977
9.666e+09,-81.235
9.666e+09,-80.595
9.6661e+09,-81.971
9.6661e+09,-82.199
9.6662e+09,-82.248
9.6662e+09,-81.291
9.6662e+09,-82.851
9.6663e+09,-82.186
9.6663e+09,-82.748
9.6664e+09,-82.788
9.6664e+09,-84.426
9.6665e+09,-82.004
9.6665e+09,-82.575
9.6666e+09,-81.631
9.6666e+09,-81.955
9.6667e+09,-82.365
9.6667e+09,-83.039
9.6668e+09,-82.479
9.6668e+09,-83.348
9.6669e+09,-82.203
9.6669e+09,-83.22
9.667e+09,-83.214
9.667e+09,-83.593
9.6671e+09,-83.653
9.6671e+09,-84.33
9.6672e+09,-82.842
9.6672e+09,-84.108
9.6673e+09,-84.152
9.6673e+09,-84.921
9.6674e+09,-83.134
9.6674e+09,-83.359
9.6675e+09,-84.65
9.6675e+09,-85.539
9.6676e+09,-83.971
9.6676e+09,-83.94
9.6676e+09,-84.4
9.6677e+09,-84.053
9.6677e+09,-84.968
9.6678e+09,-85.461
9.6678e+09,-85.806
9.6679e+09,-86.203
9.6679e+09,-85.562
9.668e+09,-84.945
9.668e+09,-84.828
9.6681e+09,-85.224
9.6681e+09,-85.644
9.6682e+09,-84.87
9.6682e+09,-84.545
9.6683e+09,-85.947
9.6683e+09,-85.157
9.6684e+09,-86.097
9.6684e+09,-84.932
9.6685e+09,-86.106
9.6685e+09,-85.203
9.6686e+09,-84.549
9.6686e+09,-84.928
9.6687e+09,-85.174
9.6687e+09,-85.228
9.6688e+09,-86.507
9.6688e+09,-86.611
9.6689e+09,-87.071
9.6689e+09,-86.056
9.669e+09,-84.721
9.669e+09,-87.427
9.669e+09,-84.902
9.6691e+09,-87.518
9.6691e+09,-85.566
9.6692e+09,-85.457
9.6692e+09,-87.077
9.6693e+09,-85.995
9.6693e+09,-86.973
9.6694e+09,-87.598
9.6694e+09,-87.447
9.6695e+09,-85.98
9.6695e+09,-86.371
9.6696e+09,-87.799
9.6696e+09,-87.61
9.6697e+09,-85.541
9.6697e+09,-86.15
9.6698e+09,-86.576
9.6698e+09,-86.479
9.6699e+09,-87.383
9.6699e+09,-86.946
9.67e+09,-87.009
9.67e+09,-88.21
9.6701e+09,-87.272
9.6701e+09,-88.963
9.6702e+09,-86.513
9.6702e+09,-89.952
9.6703e+09,-88.314
9.6703e+09,-85.304
9.6704e+09,-86.958
9.6704e+09,-86.287
9.6704e+09,-87.438
9.6705e+09,-88.617
9.6705e+09,-86.984
9.6706e+09,-86.732
9.6706e+09,-85.855
9.6707e+09,-87.842
9.6707e+09,-88.681
9.6708e+09,-87.239
9.6708e+09,-88.105
9.6709e+09,-88.208
9.6709e+09,-87.716
9.671e+09,-86.926
9.671e+09,-86.435
9.6711e+09,-88.249
9.6711e+09,-90.542
9.6712e+09,-88.1
9.6712e+09,-87.441
9.6713e+09,-87.286
9.6713e+09,-89.81
9.6714e+09,-86.999
9.6714e+09,-89.089
9.6715e+09,-89.049
9.6715e+09,-89.845
9.6716e+09,-88.625
9.6716e+09,-88.17
9.6717e+09,-85.884
9.6717e+09,-87.879
9.6718e+09,-89.485
9.6718e+09,-87.928
9.6718e+09,-89.195
9.6719e+09,-90.523
9.6719e+09,-86.518
9.672e+09,-90.384
9.672e+09,-87.663
9.6721e+09,-87.547
9.6721e+09,-87.046
9.6722e+09,-90.637
9.6722e+09,-90.337
9.6723e+09,-91.999
9.6723e+09,-90.649
9.6724e+09,-91.199
9.6724e+09,-87.214
9.6725e+09,-92.576
9.6725e+09,-88.438
9.6726e+09,-88.896
9.6726e+09,-88.677
9.6727e+09,-88.405
9.6727e+09,-90.568
9.6728e+09,-89.178
9.6728e+09,-89.54
9.6729e+09,-89.468
9.6729e+09,-90.318
9.673e+09,-88.718
9.673e+09,-90.138
9.6731e+09,-88.287
9.6731e+09,-89.671
9.6732e+09,-90.466
9.6732e+09,-92.61
9.6732e+09,-93.038
9.6733e+09,-90.542
9.6733e+09,-90.215
9.6734e+09,-90.35
9.6734e+09,-88.704
9.6735e+09,-91.067
9.6735e+09,-88.4
9.6736e+09,-90.061
9.6736e+09,-89.328
9.6737e+09,-91.117
9.6737e+09,-92.103
9.6738e+09,-88.94
9.6738e+09,-90.108
9.6739e+09,-89.658
9.6739e+09,-90.117
9.674e+09,-93.366
9.674e+09,-89.354
9.6741e+09,-89.774
9.6741e+09,-93.224
9.6742e+09,-91.316
9.6742e+09,-89.002
9.6743e+09,-88.663
9.6743e+09,-90.752
9.6744e+09,-89.712
9.6744e+09,-88.005
9.6745e+09,-90.458
9.6745e+09,-89.828
9.6746e+09,-92.138
9.6746e+09,-90.846
9.6746e+09,-91.646
9.6747e+09,-88.323
9.6747e+09,-90.168
9.6748e+09,-91.782
9.6748e+09,-92.741
9.6749e+09,-90.148
9.6749e+09,-89.992
9.675e+09,-92.625
9.675e+09,-90.502
9.6751e+09,-93.427
9.6751e+09,-89.751
9.6752e+09,-91.988
9.6752e+09,-90.314
9.6753e+09,-90.697
9.6753e+09,-88.516
9.6754e+09,-89.812
9.6754e+09,-88.721
9.6755e+09,-90.07
9.6755e+09,-89.967
9.6756e+09,-92.138
9.6756e+09,-94.741
9.6757e+09,-92.725
9.6757e+09,-91.858
9.6758e+09,-90.395
9.6758e+09,-91.353
9.6759e+09,-91.812
9.6759e+09,-90.393
9.676e+09,-90.531
9.676e+09,-93.78
9.676e+09,-90.104
9.6761e+09,-91.949
9.6761e+09,-90.511
9.6762e+09,-90.44
9.6762e+09,-92.703
9.6763e+09,-92.992
9.6763e+09,-91.489
9.6764e+09,-92.992
9.6764e+09,-89.292
9.6765e+09,-92.726
9.6765e+09,-92.484
9.6766e+09,-92.826
9.6766e+09,-90.793
9.6767e+09,-92.289
9.6767e+09,-94.326
9.6768e+09,-90.189
9.6768e+09,-88.654
9.6769e+09,-93.656
9.6769e+09,-92.536
9.677e+09,-90.451
9.677e+09,-95.735
9.6771e+09,-89.788
9.6771e+09,-88.58
9.6772e+09,-91.81
9.6772e+09,-93.595
9.6773e+09,-93.171
9.6773e+09,-98.341
9.6773e+09,-94.752
9.6774e+09,-89.97
9.6774e+09,-92.285
9.6775e+09,-89.656
9.6775e+09,-91.93
9.6776e+09,-92.603
9.6776e+09,-93.078
9.6777e+09,-94.249
9.6777e+09,-91.003
9.6778e+09,-93.399
9.6778e+09,-94.887
9.6779e+09,-90.997
9.6779e+09,-93.796
9.678e+09,-90.555
9.678e+09,-93.209
9.6781e+09,-93.04
9.6781e+09,-93.329
9.6782e+09,-91.687
9.6782e+09,-93.526
9.6783e+09,-94.75
9.6783e+09,-91.753
9.6784e+09,-91.491
9.6784e+09,-92.654
9.6785e+09,-94.815
9.6785e+09,-89.844
9.6786e+09,-93.877
9.6786e+09,-92.73
9.6787e+09,-91.558
9.6787e+09,-91.003
9.6787e+09,-92.911
9.6788e+09,-90.562
9.6788e+09,-91.918
9.6789e+09,-93.001
9.6789e+09,-93.486
9.679e+09,-95.001
9.679e+09,-91.223
9.6791e+09,-94.1
9.6791e+09,-89.896
9.6792e+09,-91.707
9.6792e+09,-94.084
9.6793e+09,-92.519
9.6793e+09,-91.436
9.6794e+09,-91.663
9.6794e+09,-91.867
9.6795e+09,-91.505
9.6795e+09,-91.7
9.6796e+09,-93.406
9.6796e+09,-89.108
9.6797e+09,-92.394
9.6797e+09,-94.399
9.6798e+09,-92.984
9.6798e+09,-91.131
9.6799e+09,-97.098
9.6799e+09,-92.421
9.68e+09,-96.418
9.68e+09,-93.609
9.6801e+09,-88.268
9.6801e+09,-92.187
9.6801e+09,-93.517
9.6802e+09,-92.468
9.6802e+09,-94.15
9.6803e+09,-94.291
9.6803e+09,-91.062
9.6804e+09,-94.837
9.6804e+09,-94.619
9.6805e+09,-99.175
9.6805e+09,-92.937
9.6806e+09,-91.889
9.6806e+09,-92.407
9.6807e+09,-92.85
9.6807e+09,-95.283
9.6808e+09,-91.065
9.6808e+09,-95.849
9.6809e+09,-91.76
9.6809e+09,-93.059
9.681e+09,-97.687
9.681e+09,-96.841
9.6811e+09,-92.471
9.6811e+09,-96.569
9.6812e+09,-95.97
9.6812e+09,-94.573
9.6813e+09,-95.384
9.6813e+09,-99.176
9.6814e+09,-92.692
9.6814e+09,-94.444
9.6815e+09,-93.913
9.6815e+09,-93.919
9.6815e+09,-95.987
9.6816e+09,-93.95
9.6816e+09,-90.128
9.6817e+09,-93.494
9.6817e+09,-94.915
9.6818e+09,-93.076
9.6818e+09,-95.742
9.6819e+09,-91.597
9.6819e+09,-93.235
9.682e+09,-93.199
9.682e+09,-91.963
9.6821e+09,-94.649
9.6821e+09,-90.572
9.6822e+09,-92.403
9.6822e+09,-93.96
9.6823e+09,-94.315
9.6823e+09,-92.337
9.6824e+09,-99.548
9.6824e+09,-91.189
9.6825e+09,-97.449
9.6825e+09,-94.353
9.6826e+09,-103.26
9.6826e+09,-94.062
9.6827e+09,-95.86
9.6827e+09,-93.133
9.6828e+09,-94.039
9.6828e+09,-96.859
9.6829e+09,-93.466
9.6829e+09,-95.334
9.6829e+09,-92.993
9.683e+09,-96.469
9.683e+09,-94.066
9.6831e+09,-91.811
9.6831e+09,-94.646
9.6832e+09,-91.076
9.6832e+09,-90.695
9.6833e+09,-91.425
9.6833e+09,-96.286
9.6834e+09,-93.847
9.6834e+09,-94.048
9.6835e+09,-92.688
9.6835e+09,-92.605
9.6836e+09,-95.301
9.6836e+09,-95.729
9.6837e+09,-93.851
9.6837e+09,-94.065
9.6838e+09,-98.608
9.6838e+09,-94.351
9.6839e+09,-98.619
9.6839e+09,-98.99
9.684e+09,-94.693
9.684e+09,-92.974
9.6841e+09,-96.465
9.6841e+09,-94.604
9.6842e+09,-96.626
9.6842e+09,-91.497
9.6843e+09,-95.227
9.6843e+09,-93.675
9.6843e+09,-94.771
9.6844e+09,-93.693
9.6844e+09,-95.782
9.6845e+09,-92.748
9.6845e+09,-93.745
9.6846e+09,-90.87
9.6846e+09,-95.709
9.6847e+09,-102.64
9.6847e+09,-99.156
9.6848e+09,-98.709
9.6848e+09,-91.518
9.6849e+09,-95.524
9.6849e+09,-95.538
9.685e+09,-100.04
9.685e+09,-97.437
9.6851e+09,-95.176
9.6851e+09,-93.082
9.6852e+09,-95.223
9.6852e+09,-93.49
9.6853e+09,-105.76
9.6853e+09,-97.491
9.6854e+09,-98.737
9.6854e+09,-93.968
9.6855e+09,-99.708
9.6855e+09,-97.177
9.6856e+09,-94.686
9.6856e+09,-101.56
9.6857e+09,-94.481
9.6857e+09,-92.194
9.6857e+09,-95.058
9.6858e+09,-97.514
9.6858e+09,-94.719
9.6859e+09,-94.624
9.6859e+09,-96.992
9.686e+09,-93.454
9.686e+09,-93.416
9.6861e+09,-94.698
9.6861e+09,-92.184
9.6862e+09,-97.405
9.6862e+09,-92.562
9.6863e+09,-98.834
9.6863e+09,-103.71
9.6864e+09,-96.412
9.6864e+09,-95.947
9.6865e+09,-96.755
9.6865e+09,-94.541
9.6866e+09,-92.969
9.6866e+09,-95.622
9.6867e+09,-92.59
9.6867e+09,-94.031
9.6868e+09,-97.828
9.6868e+09,-95.239
9.6869e+09,-96.577
9.6869e+09,-92.553
9.687e+09,-93.916
9.687e+09,-96.264
9.6871e+09,-96.208
9.6871e+09,-98.544
9.6871e+09,-95.566
9.6872e+09,-90.975
9.6872e+09,-109.36
9.6873e+09,-93.369
9.6873e+09,-92.171
9.6874e+09,-105.53
9.6874e+09,-94.61
9.6875e+09,-95.548
9.6875e+09,-94.895
9.6876e+09,-93.956
9.6876e+09,-109.3
9.6877e+09,-109.53
9.6877e+09,-98.24
9.6878e+09,-95.549
9.6878e+09,-94.276
9.6879e+09,-99.296
9.6879e+09,-92.868
9.688e+09,-93.133
9.688e+09,-94.985
9.6881e+09,-111.59
9.6881e+09,-95.919
9.6882e+09,-97.714
9.6882e+09,-95.67
9.6883e+09,-111.25
9.6883e+09,-102.95
9.6884e+09,-95.627
9.6884e+09,-96.808
9.6885e+09,-92.048
9.6885e+09,-104.13
9.6885e+09,-94.956
9.6886e+09,-99.394
9.6886e+09,-94.114
9.6887e+09,-98.438
9.6887e+09,-99.257
9.6888e+09,-95.586
9.6888e+09,-93.881
9.6889e+09,-96.856
9.6889e+09,-95.842
9.689e+09,-108.95
9.689e+09,-98.19
9.6891e+09,-102.67
9.6891e+09,-92.931
9.6892e+09,-109.25
9.6892e+09,-95.084
9.6893e+09,-94.822
9.6893e+09,-97.873
9.6894e+09,-95.571
9.6894e+09,-98.091
9.6895e+09,-98.457
9.6895e+09,-97.715
9.6896e+09,-96.349
9.6896e+09,-95.651
9.6897e+09,-109.53
9.6897e+09,-93.286
9.6898e+09,-97.244
9.6898e+09,-91.863
9.6899e+09,-95.469
9.6899e+09,-96.121
9.6899e+09,-90.461
9.69e+09,-107.81
9.69e+09,-100.23
9.6901e+09,-94.782
9.6901e+09,-100.59
9.6902e+09,-95.792
9.6902e+09,-100.01
9.6903e+09,-101.32
9.6903e+09,-96.649
9.6904e+09,-95.882
9.6904e+09,-92.131
9.6905e+09,-96.731
9.6905e+09,-98.069
9.6906e+09,-94.125
9.6906e+09,-97.315
9.6907e+09,-94.113
9.6907e+09,-93.245
9.6908e+09,-95.916
9.6908e+09,-97.876
9.6909e+09,-91.032
9.6909e+09,-110.5
9.691e+09,-96.608
9.691e+09,-96.966
9.6911e+09,-97.424
9.6911e+09,-94.628
9.6912e+09,-93.558
9.6912e+09,-97.275
9.6913e+09,-97.807
9.6913e+09,-104.03
9.6913e+09,-97.66
9.6914e+09,-95.207
9.6914e+09,-100.03
9.6915e+09,-98.475
9.6915e+09,-96.126
9.6916e+09,-101.59
9.6916e+09,-95.229
9.6917e+09,-101.47
9.6917e+09,-92.53
9.6918e+09,-104.34
9.6918e+09,-95.365
9.6919e+09,-96.291
9.6919e+09,-96.75
9.692e+09,-95.761
9.692e+09,-94.606
9.6921e+09,-101.14
9.6921e+09,-95.78
9.6922e+09,-96.145
9.6922e+09,-110.8
9.6923e+09,-97.138
9.6923e+09,-93.503
9.6924e+09,-101.26
9.6924e+09,-96.794
9.6925e+09,-99.507
9.6925e+09,-98.668
9.6926e+09,-100.47
9.6926e+09,-96.583
9.6926e+09,-96.702
9.6927e+09,-95.55
9.6927e+09,-100.93
9.6928e+09,-96.474
9.6928e+09,-92.737
9.6929e+09,-95.029
9.6929e+09,-97.487
9.693e+09,-96.9
9.693e+09,-98.694
9.6931e+09,-109.96
9.6931e+09,-99.94
9.6932e+09,-94.439
9.6932e+09,-96.533
9.6933e+09,-98.369
9.6933e+09,-96.407
9.6934e+09,-99.656
9.6934e+09,-95.731
9.6935e+09,-116.64
9.6935e+09,-103.31
9.6936e+09,-106.63
9.6936e+09,-99.519
9.6937e+09,-93.425
9.6937e+09,-95.205
9.6938e+09,-91.356
9.6938e+09,-94.285
9.6939e+09,-101.71
9.6939e+09,-100.06
9.694e+09,-98.626
9.694e+09,-103.89
9.694e+09,-100.37
9.6941e+09,-94.67
9.6941e+09,-98.781
9.6942e+09,-97.039
9.6942e+09,-94.024
9.6943e+09,-99.936
9.6943e+09,-102.31
9.6944e+09,-95.977
9.6944e+09,-102.72
9.6945e+09,-95.515
9.6945e+09,-97.405
9.6946e+09,-94.053
9.6946e+09,-107.21
9.6947e+09,-103.47
9.6947e+09,-101.49
9.6948e+09,-111.89
9.6948e+09,-98.266
9.6949e+09,-104.48
9.6949e+09,-103.09
9.695e+09,-96.451
9.695e+09,-94.579
9.6951e+09,-92.65
9.6951e+09,-95.752
9.6952e+09,-90.639
9.6952e+09,-95.978
9.6953e+09,-103.38
9.6953e+09,-96.212
9.6954e+09,-96.089
9.6954e+09,-95.558
9.6954e+09,-98.37
9.6955e+09,-98.633
9.6955e+09,-93.72
9.6956e+09,-98.01
9.6956e+09,-98.159
9.6957e+09,-95.055
9.6957e+09,-96.12
9.6958e+09,-95.222
9.6958e+09,-96.048
9.6959e+09,-100.19
9.6959e+09,-107.25
9.696e+09,-95.938
9.696e+09,-94.492
9.6961e+09,-95.871
9.6961e+09,-95.163
9.6962e+09,-93.26
9.6962e+09,-96.97
9.6963e+09,-94.621
9.6963e+09,-94.99
9.6964e+09,-95.169
9.6964e+09,-106.38
9.6965e+09,-103.6
9.6965e+09,-101.13
9.6966e+09,-95.862
9.6966e+09,-103.52
9.6967e+09,-98.761
9.6967e+09,-101.66
9.6968e+09,-92.957
9.6968e+09,-91.979
9.6968e+09,-97.114
9.6969e+09,-101.07
9.6969e+09,-97.641
9.697e+09,-94.963
9.697e+09,-100.77
9.6971e+09,-106.82
9.6971e+09,-111.72
9.6972e+09,-97.353
9.6972e+09,-97.331
9.6973e+09,-100.49
9.6973e+09,-99.204
9.6974e+09,-95.374
9.6974e+09,-95.851
9.6975e+09,-95.14
9.6975e+09,-100.66
9.6976e+09,-100.85
9.6976e+09,-100.94
9.6977e+09,-95.038
9.6977e+09,-97.887
9.6978e+09,-98.267
9.6978e+09,-100.94
9.6979e+09,-101.15
9.6979e+09,-96.824
9.698e+09,-96.891
9.698e+09,-99.183
9.6981e+09,-97.661
9.6981e+09,-94.953
9.6982e+09,-96.474
9.6982e+09,-100.28
9.6982e+09,-97.447
9.6983e+09,-101.98
9.6983e+09,-105.9
9.6984e+09,-95.219
9.6984e+09,-99.957
9.6985e+09,-100.86
9.6985e+09,-95.404
9.6986e+09,-96.354
9.6986e+09,-97.188
9.6987e+09,-94.979
9.6987e+09,-95.071
9.6988e+09,-93.686
9.6988e+09,-93.752
9.6989e+09,-98.728
9.6989e+09,-95.932
9.699e+09,-97.786
9.699e+09,-104.38
9.6991e+09,-103.39
9.6991e+09,-95.644
9.6992e+09,-95.121
9.6992e+09,-96.863
9.6993e+09,-100.42
9.6993e+09,-111.05
9.6994e+09,-92.311
9.6994e+09,-96.835
9.6995e+09,-97.685
9.6995e+09,-92.351
9.6996e+09,-100.21
9.6996e+09,-96.38
9.6996e+09,-96.855
9.6997e+09,-94.718
9.6997e+09,-96.125
9.6998e+09,-104.3
9.6998e+09,-95.602
9.6999e+09,-100.75
9.6999e+09,-103.4
9.7e+09,-108.21
9.7e+09,-104.75
9.7001e+09,-100.93
9.7001e+09,-93.719
9.7002e+09,-98.717
9.7002e+09,-101.74
9.7003e+09,-94.451
9.7003e+09,-101.89
9.7004e+09,-96.755
9.7004e+09,-95.807
9.7005e+09,-97.967
9.7005e+09,-106.65
9.7006e+09,-94.938
9.7006e+09,-97.235
9.7007e+09,-98.388
9.7007e+09,-98.082
9.7008e+09,-96.709
9.7008e+09,-97.03
9.7009e+09,-97.132
9.7009e+09,-101.2
9.701e+09,-92.443
9.701e+09,-97.249
9.701e+09,-97.245
9.7011e+09,-96.152
9.7011e+09,-96.36
9.7012e+09,-95.645
9.7012e+09,-99.206
9.7013e+09,-93.381
9.7013e+09,-96.11
9.7014e+09,-96.747
9.7014e+09,-102.38
9.7015e+09,-108.4
9.7015e+09,-94.531
9.7016e+09,-100.91
9.7016e+09,-101.24
9.7017e+09,-101.71
9.7017e+09,-97.664
9.7018e+09,-99.735
9.7018e+09,-104.65
9.7019e+09,-98.788
9.7019e+09,-98.778
9.702e+09,-101.84
9.702e+09,-96.166
9.7021e+09,-98.749
9.7021e+09,-107.34
9.7022e+09,-97.876
9.7022e+09,-100.96
9.7023e+09,-102.48
9.7023e+09,-104.27
9.7024e+09,-97.658
9.7024e+09,-99.14
9.7024e+09,-95.803
9.7025e+09,-99.478
9.7025e+09,-94.512
9.7026e+09,-97.65
9.7026e+09,-101.11
9.7027e+09,-104.61
9.7027e+09,-102.2
9.7028e+09,-113.02
9.7028e+09,-101.53
9.7029e+09,-100.6
9.7029e+09,-98.439
9.703e+09,-99.364
9.703e+09,-96.158
9.7031e+09,-93.413
9.7031e+09,-95.244
9.7032e+09,-101.15
9.7032e+09,-112.39
9.7033e+09,-100.78
9.7033e+09,-108.09
9.7034e+09,-107.72
9.7034e+09,-93.318
9.7035e+09,-96.17
9.7035e+09,-95.482
9.7036e+09,-94.104
9.7036e+09,-97.834
9.7037e+09,-99.235
9.7037e+09,-101.89
9.7038e+09,-96.937
9.7038e+09,-105.43
9.7038e+09,-101.56
9.7039e+09,-100.51
9.7039e+09,-97.728
9.704e+09,-95.699
9.704e+09,-96.606
9.7041e+09,-96.16
9.7041e+09,-102.46
9.7042e+09,-98.092
9.7042e+09,-106.1
9.7043e+09,-94.281
9.7043e+09,-99.564
9.7044e+09,-98.265
9.7044e+09,-100.08
9.7045e+09,-104.28
9.7045e+09,-103.44
9.7046e+09,-108.19
9.7046e+09,-101.67
9.7047e+09,-98.408
9.7047e+09,-99.133
9.7048e+09,-108.83
9.7048e+09,-100.94
9.7049e+09,-98.691
9.7049e+09,-99.774
9.705e+09,-109.53
9.705e+09,-96.855
9.7051e+09,-102.93
9.7051e+09,-93.588
9.7052e+09,-99.155
9.7052e+09,-100.39
9.7052e+09,-98.055
9.7053e+09,-101.52
9.7053e+09,-100.96
9.7054e+09,-100.99
9.7054e+09,-97.379
9.7055e+09,-95.463
9.7055e+09,-110.5
9.7056e+09,-95.748
9.7056e+09,-101.26
9.7057e+09,-102.44
9.7057e+09,-110.49
9.7058e+09,-104.54
9.7058e+09,-97.234
9.7059e+09,-102.3
9.7059e+09,-102.75
9.706e+09,-100.98
9.706e+09,-97.802
9.7061e+09,-96.957
9.7061e+09,-101.84
9.7062e+09,-96.899
9.7062e+09,-98.812
9.7063e+09,-102.55
9.7063e+09,-112.54
9.7064e+09,-113.35
9.7064e+09,-92.949
9.7065e+09,-99.585
9.7065e+09,-97.795
9.7065e+09,-97.188
9.7066e+09,-96.821
9.7066e+09,-102.52
9.7067e+09,-107.27
9.7067e+09,-98.292
9.7068e+09,-100.45
9.7068e+09,-101.05
9.7069e+09,-95.599
9.7069e+09,-103.22
9.707e+09,-104.59
9.707e+09,-107.59
9.7071e+09,-108.19
9.7071e+09,-102.23
9.7072e+09,-104.2
9.7072e+09,-101.17
9.7073e+09,-108.43
9.7073e+09,-93.552
9.7074e+09,-97.57
9.7074e+09,-95.491
9.7075e+09,-98.048
9.7075e+09,-103.09
9.7076e+09,-94.413
9.7076e+09,-98.246
9.7077e+09,-97.337
9.7077e+09,-103.57
9.7078e+09,-96.815
9.7078e+09,-107.03
9.7079e+09,-94.895
9.7079e+09,-94.799
9.7079e+09,-104.44
9.708e+09,-99.199
9.708e+09,-97.051
9.7081e+09,-99.909
9.7081e+09,-104.51
9.7082e+09,-99.609
9.7082e+09,-99.564
9.7083e+09,-95.181
9.7083e+09,-95.899
9.7084e+09,-97.622
9.7084e+09,-96.588
9.7085e+09,-97.961
9.7085e+09,-94.584
9.7086e+09,-112.55
9.7086e+09,-112.4
9.7087e+09,-100.39
9.7087e+09,-100.36
9.7088e+09,-102.26
9.7088e+09,-100.48
9.7089e+09,-93.764
9.7089e+09,-97.724
9.709e+09,-97.786
9.709e+09,-99.077
9.7091e+09,-114.81
9.7091e+09,-101.79
9.7092e+09,-102.31
9.7092e+09,-101.63
9.7093e+09,-101.11
9.7093e+09,-111.82
9.7093e+09,-100.04
9.7094e+09,-100.88
9.7094e+09,-98.204
9.7095e+09,-113.43
9.7095e+09,-94.51
9.7096e+09,-104.05
9.7096e+09,-98.604
9.7097e+09,-94.968
9.7097e+09,-96.773
9.7098e+09,-104.18
9.7098e+09,-102.56
9.7099e+09,-109.77
9.7099e+09,-101.13
9.71e+09,-100.26
9.71e+09,-107.23
9.7101e+09,-104.12
9.7101e+09,-97.743
9.7102e+09,-94.26
9.7102e+09,-95.718
9.7103e+09,-100.29
9.7103e+09,-95.113
9.7104e+09,-103.94
9.7104e+09,-96.684
9.7105e+09,-109.08
9.7105e+09,-105.25
9.7106e+09,-95.021
9.7106e+09,-94.041
9.7107e+09,-96.116
9.7107e+09,-99.301
9.7107e+09,-97.877
9.7108e+09,-102.79
9.7108e+09,-107.65
9.7109e+09,-102.06
9.7109e+09,-104.74
9.711e+09,-103.46
9.711e+09,-96.164
9.7111e+09,-119.03
9.7111e+09,-97.16
9.7112e+09,-104.57
9.7112e+09,-102.07
9.7113e+09,-104.71
9.7113e+09,-103.8
9.7114e+09,-98.9
9.7114e+09,-112.15
9.7115e+09,-101.36
9.7115e+09,-95.225
9.7116e+09,-103.1
9.7116e+09,-100.74
9.7117e+09,-100.98
9.7117e+09,-97.762
9.7118e+09,-104.78
9.7118e+09,-96.713
9.7119e+09,-95.303
9.7119e+09,-98.908
9.712e+09,-97.344
9.712e+09,-94.038
9.7121e+09,-97.917
9.7121e+09,-104.95
9.7121e+09,-115.41
9.7122e+09,-95.061
9.7122e+09,-98.981
9.7123e+09,-107.77
9.7123e+09,-100.19
9.7124e+09,-102.8
9.7124e+09,-98.829
9.7125e+09,-106.8
9.7125e+09,-101.68
9.7126e+09,-100.15
9.7126e+09,-108.3
9.7127e+09,-101.22
9.7127e+09,-96.404
9.7128e+09,-102.74
9.7128e+09,-98.412
9.7129e+09,-99.669
9.7129e+09,-100.44
9.713e+09,-102.11
9.713e+09,-98.463
9.7131e+09,-98.602
9.7131e+09,-102.57
9.7132e+09,-100.37
9.7132e+09,-102.43
9.7133e+09,-99.732
9.7133e+09,-113.89
9.7134e+09,-103.19
9.7134e+09,-100.92
9.7135e+09,-101.47
9.7135e+09,-106.96
9.7135e+09,-104.24
9.7136e+09,-116.11
9.7136e+09,-103
9.7137e+09,-95.722
9.7137e+09,-102.48
9.7138e+09,-98.97
9.7138e+09,-97.922
9.7139e+09,-98.249
9.7139e+09,-107.89
9.714e+09,-98.508
9.714e+09,-111.4
9.7141e+09,-108.74
9.7141e+09,-99.297
9.7142e+09,-98.616
9.7142e+09,-99.873
9.7143e+09,-99.689
9.7143e+09,-103.68
9.7144e+09,-112.7
9.7144e+09,-101.14
9.7145e+09,-101.33
9.7145e+09,-96.356
9.7146e+09,-101.18
9.7146e+09,-104.12
9.7147e+09,-104.53
9.7147e+09,-97.488
9.7148e+09,-102.19
9.7148e+09,-105.87
9.7149e+09,-107.51
9.7149e+09,-99.33
9.7149e+09,-102.74
9.715e+09,-101.85
9.715e+09,-99.104
9.7151e+09,-99.744
9.7151e+09,-102.41
9.7152e+09,-108.5
9.7152e+09,-103.61
9.7153e+09,-105.88
9.7153e+09,-96.51
9.7154e+09,-99.668
9.7154e+09,-99.545
9.7155e+09,-110.39
9.7155e+09,-103.44
9.7156e+09,-103.97
9.7156e+09,-103.39
9.7157e+09,-97.45
9.7157e+09,-104.12
9.7158e+09,-102.21
9.7158e+09,-104.55
9.7159e+09,-98.995
9.7159e+09,-111.15
9.716e+09,-97.613
9.716e+09,-99.204
9.7161e+09,-96.119
9.7161e+09,-111.8
9.7162e+09,-101.5
9.7162e+09,-109.92
9.7163e+09,-96.974
9.7163e+09,-110.93
9.7163e+09,-96.624
9.7164e+09,-96.909
9.7164e+09,-108.27
9.7165e+09,-118.42
9.7165e+09,-104.14
9.7166e+09,-100.36
9.7166e+09,-103.02
9.7167e+09,-97.96
9.7167e+09,-104.26
9.7168e+09,-103.25
9.7168e+09,-99.299
9.7169e+09,-97.901
9.7169e+09,-103.09
9.717e+09,-97.751
9.717e+09,-105.04
9.7171e+09,-106.28
9.7171e+09,-102.18
9.7172e+09,-101.38
9.7172e+09,-101.09
9.7173e+09,-108.9
9.7173e+09,-106.02
9.7174e+09,-97.055
9.7174e+09,-97.327
9.7175e+09,-102.43
9.7175e+09,-101.44
9.7176e+09,-102.63
9.7176e+09,-100.62
9.7177e+09,-105.58
9.7177e+09,-105.86
9.7177e+09,-98.58
9.7178e+09,-97.088
9.7178e+09,-101.24
9.7179e+09,-106.48
9.7179e+09,-94.966
9.718e+09,-101.96
9.718e+09,-98.496
9.7181e+09,-98.879
9.7181e+09,-100.96
9.7182e+09,-98.258
9.7182e+09,-106.45
9.7183e+09,-114.16
9.7183e+09,-97.017
9.7184e+09,-95.871
9.7184e+09,-104.38
9.7185e+09,-110.95
9.7185e+09,-97.213
9.7186e+09,-98.404
9.7186e+09,-101.78
9.7187e+09,-99.554
9.7187e+09,-100.42
9.7188e+09,-97.86
9.7188e+09,-97.327
9.7189e+09,-123.01
9.7189e+09,-94.561
9.719e+09,-107.3
9.719e+09,-101.26
9.7191e+09,-99.467
9.7191e+09,-93.159
9.7191e+09,-104.26
9.7192e+09,-97.137
9.7192e+09,-109.23
9.7193e+09,-104.79
9.7193e+09,-98.463
9.7194e+09,-100.51
9.7194e+09,-99.258
9.7195e+09,-100.18
9.7195e+09,-94.651
9.7196e+09,-104.53
9.7196e+09,-103.34
9.7197e+09,-100.92
9.7197e+09,-102.57
9.7198e+09,-99.64
9.7198e+09,-98.292
9.7199e+09,-107.65
9.7199e+09,-98.46
9.72e+09,-106.2
9.72e+09,-110.78
9.7201e+09,-102.68
9.7201e+09,-98.654
9.7202e+09,-99.378
9.7202e+09,-100.59
9.7203e+09,-93.956
9.7203e+09,-103.3
9.7204e+09,-99.344
9.7204e+09,-101.69
9.7205e+09,-101.93
9.7205e+09,-101.24
9.7205e+09,-102.35
9.7206e+09,-103.16
9.7206e+09,-98.298
9.7207e+09,-97.905
9.7207e+09,-102.61
9.7208e+09,-117.13
9.7208e+09,-102.67
9.7209e+09,-98.3
9.7209e+09,-98.821
9.721e+09,-99.096
9.721e+09,-123.57
9.7211e+09,-122.12
9.7211e+09,-101.65
9.7212e+09,-100.05
9.7212e+09,-105.97
9.7213e+09,-111.08
9.7213e+09,-116.51
9.7214e+09,-98.208
9.7214e+09,-109.69
9.7215e+09,-93.965
9.7215e+09,-97.46
9.7216e+09,-111
9.7216e+09,-98.527
9.7217e+09,-106.43
9.7217e+09,-103.5
9.7218e+09,-102.74
9.7218e+09,-101.57
9.7218e+09,-103.76
9.7219e+09,-102.5
9.7219e+09,-105.54
9.722e+09,-100.55
9.722e+09,-98.188
9.7221e+09,-98.942
9.7221e+09,-95.901
9.7222e+09,-103.62
9.7222e+09,-101.09
9.7223e+09,-98.869
9.7223e+09,-101.84
9.7224e+09,-105.91
9.7224e+09,-102.19
9.7225e+09,-100.6
9.7225e+09,-105.53
9.7226e+09,-102.24
9.7226e+09,-95.772
9.7227e+09,-95.296
9.7227e+09,-103.14
9.7228e+09,-97.594
9.7228e+09,-94.91
9.7229e+09,-97.733
9.7229e+09,-100.13
9.723e+09,-95.645
9.723e+09,-102.6
9.7231e+09,-99.607
9.7231e+09,-104.11
9.7232e+09,-99.235
9.7232e+09,-98.331
9.7232e+09,-101.11
9.7233e+09,-95.888
9.7233e+09,-100.83
9.7234e+09,-98.484
9.7234e+09,-120.57
9.7235e+09,-98.618
9.7235e+09,-99.974
9.7236e+09,-96.523
9.7236e+09,-105.64
9.7237e+09,-96.921
9.7237e+09,-95.339
9.7238e+09,-100.78
9.7238e+09,-105.92
9.7239e+09,-112.02
9.7239e+09,-100.66
9.724e+09,-98.509
9.724e+09,-97.238
9.7241e+09,-99.876
9.7241e+09,-96.916
9.7242e+09,-101.67
9.7242e+09,-108.81
9.7243e+09,-100.52
9.7243e+09,-100.44
9.7244e+09,-100.01
9.7244e+09,-104.61
9.7245e+09,-101.84
9.7245e+09,-103.21
9.7246e+09,-102.67
9.7246e+09,-100.44
9.7246e+09,-109.67
9.7247e+09,-103.99
9.7247e+09,-107.61
9.7248e+09,-100.04
9.7248e+09,-103.46
9.7249e+09,-99.025
9.7249e+09,-104.81
9.725e+09,-115.51
9.725e+09,-104.13
9.7251e+09,-100.31
9.7251e+09,-97.467
9.7252e+09,-98.836
9.7252e+09,-100.9
9.7253e+09,-101.69
9.7253e+09,-103.57
9.7254e+09,-97.895
9.7254e+09,-98.798
9.7255e+09,-99.491
9.7255e+09,-103.23
9.7256e+09,-95.4
9.7256e+09,-94.791
9.7257e+09,-106.1
9.7257e+09,-102.03
9.7258e+09,-101.28
9.7258e+09,-122.06
9.7259e+09,-109.13
9.7259e+09,-97.907
9.726e+09,-107.42
9.726e+09,-106.59
9.726e+09,-98.214
9.7261e+09,-97.963
9.7261e+09,-107.9
9.7262e+09,-99.497
9.7262e+09,-104.56
9.7263e+09,-98.904
9.7263e+09,-113.29
9.7264e+09,-106.64
9.7264e+09,-111.5
9.7265e+09,-99.667
9.7265e+09,-97.531
9.7266e+09,-99.753
9.7266e+09,-107.5
9.7267e+09,-109.74
9.7267e+09,-105.17
9.7268e+09,-98.251
9.7268e+09,-101.89
9.7269e+09,-105.62
9.7269e+09,-101.99
9.727e+09,-97.537
9.727e+09,-98.06
9.7271e+09,-106.49
9.7271e+09,-110.99
9.7272e+09,-104.95
9.7272e+09,-96.612
9.7273e+09,-105.83
9.7273e+09,-98.581
9.7274e+09,-100.47
9.7274e+09,-95.69
9.7274e+09,-102.61
9.7275e+09,-96.204
9.7275e+09,-108.69
9.7276e+09,-101.56
9.7276e+09,-96.551
9.7277e+09,-103.1
9.7277e+09,-105.21
9.7278e+09,-104.67
9.7278e+09,-105.18
9.7279e+09,-105.62
9.7279e+09,-105.62
9.728e+09,-106.23
9.728e+09,-102.87
9.7281e+09,-104.48
9.7281e+09,-106.13
9.7282e+09,-113.57
9.7282e+09,-96.396
9.7283e+09,-103.07
9.7283e+09,-98.823
9.7284e+09,-112.59
9.7284e+09,-102.11
9.7285e+09,-109.66
9.7285e+09,-96.911
9.7286e+09,-107.4
9.7286e+09,-95.384
9.7287e+09,-95.658
9.7287e+09,-104.05
9.7288e+09,-98.909
9.7288e+09,-108.99
9.7288e+09,-107.22
9.7289e+09,-93.942
9.7289e+09,-102.55
9.729e+09,-97.66
9.729e+09,-107.17
9.7291e+09,-108.07
9.7291e+09,-99.903
9.7292e+09,-93.746
9.7292e+09,-114.54
9.7293e+09,-104.76
9.7293e+09,-102.88
9.7294e+09,-103.19
9.7294e+09,-102.34
9.7295e+09,-97.054
9.7295e+09,-105.93
9.7296e+09,-98.723
9.7296e+09,-98.462
9.7297e+09,-109.51
9.7297e+09,-107.43
9.7298e+09,-94.798
9.7298e+09,-101.82
9.7299e+09,-100.46
9.7299e+09,-101.51
9.73e+09,-102.18
9.73e+09,-104.69
9.7301e+09,-97.949
9.7301e+09,-102.14
9.7302e+09,-99.187
9.7302e+09,-104.31
9.7302e+09,-106.68
9.7303e+09,-105.72
9.7303e+09,-106.56
9.7304e+09,-97.102
9.7304e+09,-101.27
9.7305e+09,-99.97
9.7305e+09,-101.44
9.7306e+09,-103.01
9.7306e+09,-104.45
9.7307e+09,-107.33
9.7307e+09,-99.561
9.7308e+09,-102.85
9.7308e+09,-104.24
9.7309e+09,-106.5
9.7309e+09,-98.076
9.731e+09,-109.94
9.731e+09,-102.57
9.7311e+09,-101.38
9.7311e+09,-101.96
9.7312e+09,-96.129
9.7312e+09,-104.22
9.7313e+09,-98.371
9.7313e+09,-103.71
9.7314e+09,-99.349
9.7314e+09,-98.481
9.7315e+09,-98.963
9.7315e+09,-113.06
9.7316e+09,-108.34
9.7316e+09,-103.39
9.7316e+09,-102.8
9.7317e+09,-102.14
9.7317e+09,-98.947
9.7318e+09,-94.593
9.7318e+09,-101.6
9.7319e+09,-103.57
9.7319e+09,-106.88
9.732e+09,-108.91
9.732e+09,-101.22
9.7321e+09,-98.78
9.7321e+09,-99.317
9.7322e+09,-101.81
9.7322e+09,-107.46
9.7323e+09,-98.941
9.7323e+09,-102.77
9.7324e+09,-103.05
9.7324e+09,-97.78
9.7325e+09,-102.35
9.7325e+09,-98.201
9.7326e+09,-111.61
9.7326e+09,-110.94
9.7327e+09,-110.54
9.7327e+09,-103.63
9.7328e+09,-99.709
9.7328e+09,-100.87
9.7329e+09,-106.27
9.7329e+09,-99.777
9.733e+09,-102.1
9.733e+09,-102.36
9.733e+09,-100.69
9.7331e+09,-102.55
9.7331e+09,-100.88
9.7332e+09,-94.296
9.7332e+09,-102.74
9.7333e+09,-96.71
9.7333e+09,-105.19
9.7334e+09,-103.82
9.7334e+09,-115.85
9.7335e+09,-107.96
9.7335e+09,-98.529
9.7336e+09,-97.12
9.7336e+09,-95.116
9.7337e+09,-105.89
9.7337e+09,-104.73
9.7338e+09,-102.57
9.7338e+09,-102.16
9.7339e+09,-105.13
9.7339e+09,-99.669
9.734e+09,-99.524
9.734e+09,-101.77
9.7341e+09,-99.18
9.7341e+09,-103.32
9.7342e+09,-99.956
9.7342e+09,-95.251
9.7343e+09,-106.38
9.7343e+09,-114.82
9.7344e+09,-98.292
9.7344e+09,-102.2
9.7344e+09,-114.12
9.7345e+09,-100.23
9.7345e+09,-112
9.7346e+09,-101.53
9.7346e+09,-99.261
9.7347e+09,-101.84
9.7347e+09,-102.49
9.7348e+09,-104.12
9.7348e+09,-106.8
9.7349e+09,-104.56
9.7349e+09,-101.23
9.735e+09,-99.268
9.735e+09,-112.7
9.7351e+09,-105.87
9.7351e+09,-106.08
9.7352e+09,-105.43
9.7352e+09,-111.56
9.7353e+09,-108.21
9.7353e+09,-100.53
9.7354e+09,-103.19
9.7354e+09,-98.002
9.7355e+09,-100.2
9.7355e+09,-102.38
9.7356e+09,-110.08
9.7356e+09,-104
9.7357e+09,-100.93
9.7357e+09,-102.85
9.7357e+09,-98.376
9.7358e+09,-100.22
9.7358e+09,-100.7
9.7359e+09,-120.31
9.7359e+09,-107.1
9.736e+09,-108.84
9.736e+09,-116.81
9.7361e+09,-101.48
9.7361e+09,-100.24
9.7362e+09,-103.35
9.7362e+09,-100.83
9.7363e+09,-97.932
9.7363e+09,-105.7
9.7364e+09,-99.308
9.7364e+09,-106.33
9.7365e+09,-107.7
9.7365e+09,-106.45
9.7366e+09,-102.12
9.7366e+09,-103.57
9.7367e+09,-99.911
9.7367e+09,-100.32
9.7368e+09,-100.38
9.7368e+09,-105.48
9.7369e+09,-103.08
9.7369e+09,-99.36
9.737e+09,-97.807
9.737e+09,-93.664
9.7371e+09,-101.49
9.7371e+09,-95.376
9.7371e+09,-98.259
9.7372e+09,-99.54
9.7372e+09,-104.88
9.7373e+09,-101.01
9.7373e+09,-101.35
9.7374e+09,-102.12
9.7374e+09,-100.11
9.7375e+09,-103.65
9.7375e+09,-105.24
9.7376e+09,-96.618
9.7376e+09,-100.41
9.7377e+09,-98.278
9.7377e+09,-96.369
9.7378e+09,-101.88
9.7378e+09,-99.447
9.7379e+09,-104.05
9.7379e+09,-102.6
9.738e+09,-103.8
9.738e+09,-109.56
9.7381e+09,-109.42
9.7381e+09,-102.06
9.7382e+09,-97.432
9.7382e+09,-99.264
9.7383e+09,-101.23
9.7383e+09,-102.37
9.7384e+09,-95.635
9.7384e+09,-101.12
9.7385e+09,-99.9
9.7385e+09,-105.58
9.7385e+09,-110.09
9.7386e+09,-107.32
9.7386e+09,-114.01
9.7387e+09,-100.89
9.7387e+09,-102.04
9.7388e+09,-99.966
9.7388e+09,-96.909
9.7389e+09,-101.89
9.7389e+09,-104.01
9.739e+09,-101.44
9.739e+09,-99.159
9.7391e+09,-106
9.7391e+09,-103.65
9.7392e+09,-99.125
9.7392e+09,-110.05
9.7393e+09,-101.87
9.7393e+09,-103.71
9.7394e+09,-100.37
9.7394e+09,-108.36
9.7395e+09,-96.951
9.7395e+09,-98.724
9.7396e+09,-102.3
9.7396e+09,-104.77
9.7397e+09,-110.53
9.7397e+09,-99.008
9.7398e+09,-106.22
9.7398e+09,-97.219
9.7399e+09,-98.969
9.7399e+09,-94.338
9.7399e+09,-103.31
9.74e+09,-104.09
9.74e+09,-105.77
9.7401e+09,-102.32
9.7401e+09,-102.36
9.7402e+09,-103.16
9.7402e+09,-96.222
9.7403e+09,-101.32
9.7403e+09,-98.984
9.7404e+09,-104.65
9.7404e+09,-104.42
9.7405e+09,-109.5
9.7405e+09,-101.24
9.7406e+09,-105.1
9.7406e+09,-97.753
9.7407e+09,-102.85
9.7407e+09,-100.06
9.7408e+09,-103.77
9.7408e+09,-99.468
9.7409e+09,-99.811
9.7409e+09,-97.125
9.741e+09,-98.2
9.741e+09,-106.26
9.7411e+09,-104.16
9.7411e+09,-101.13
9.7412e+09,-99.594
9.7412e+09,-106.01
9.7413e+09,-95.702
9.7413e+09,-105.94
9.7413e+09,-105.99
9.7414e+09,-102.07
9.7414e+09,-103.54
9.7415e+09,-99.368
9.7415e+09,-97.082
9.7416e+09,-100.58
9.7416e+09,-110.81
9.7417e+09,-102.91
9.7417e+09,-104.4
9.7418e+09,-104.02
9.7418e+09,-99.069
9.7419e+09,-100.57
9.7419e+09,-101.52
9.742e+09,-96.978
9.742e+09,-100.8
9.7421e+09,-105.55
9.7421e+09,-103.74
9.7422e+09,-110.39
9.7422e+09,-104.04
9.7423e+09,-130.26
9.7423e+09,-113.87
9.7424e+09,-105.06
9.7424e+09,-99.505
9.7425e+09,-105.76
9.7425e+09,-106.23
9.7426e+09,-103.34
9.7426e+09,-106.58
9.7427e+09,-104.49
9.7427e+09,-97.179
9.7427e+09,-111
9.7428e+09,-103.76
9.7428e+09,-109.18
9.7429e+09,-107.85
9.7429e+09,-99.457
9.743e+09,-104.23
9.743e+09,-96.328
9.7431e+09,-111.2
9.7431e+09,-105.43
9.7432e+09,-102.1
9.7432e+09,-113.67
9.7433e+09,-100.88
9.7433e+09,-104.95
9.7434e+09,-97.357
9.7434e+09,-97.992
9.7435e+09,-102.93
9.7435e+09,-101.06
9.7436e+09,-102.71
9.7436e+09,-101.57
9.7437e+09,-103.71
9.7437e+09,-102.22
9.7438e+09,-122.73
9.7438e+09,-110.88
9.7439e+09,-108.19
9.7439e+09,-99.167
9.744e+09,-99.093
9.744e+09,-100.5
9.7441e+09,-103.77
9.7441e+09,-98.815
9.7441e+09,-101.17
9.7442e+09,-100.38
9.7442e+09,-104.77
9.7443e+09,-99.571
9.7443e+09,-97.637
9.7444e+09,-114.73
9.7444e+09,-100.63
9.7445e+09,-111.31
9.7445e+09,-106.24
9.7446e+09,-99.922
9.7446e+09,-105.38
9.7447e+09,-97.195
9.7447e+09,-100.77
9.7448e+09,-101.47
9.7448e+09,-108.57
9.7449e+09,-105.45
9.7449e+09,-96.285
9.745e+09,-97.208
9.745e+09,-105.71
9.7451e+09,-101.46
9.7451e+09,-106.13
9.7452e+09,-107.15
9.7452e+09,-109.17
9.7453e+09,-102.08
9.7453e+09,-102.95
9.7454e+09,-99.519
9.7454e+09,-97.808
9.7455e+09,-106.02
9.7455e+09,-97.64
9.7455e+09,-100.85
9.7456e+09,-107.23
9.7456e+09,-101.97
9.7457e+09,-103.17
9.7457e+09,-110.32
9.7458e+09,-104.36
9.7458e+09,-104.09
9.7459e+09,-103.29
9.7459e+09,-99.521
9.746e+09,-99.707
9.746e+09,-96.403
9.7461e+09,-98.881
9.7461e+09,-102.64
9.7462e+09,-108.67
9.7462e+09,-111.43
9.7463e+09,-103.52
9.7463e+09,-115.64
9.7464e+09,-102.5
9.7464e+09,-102.61
9.7465e+09,-101.91
9.7465e+09,-99.051
9.7466e+09,-106.11
9.7466e+09,-101.32
9.7467e+09,-99.558
9.7467e+09,-100.97
9.7468e+09,-96.919
9.7468e+09,-101.61
9.7469e+09,-95.039
9.7469e+09,-98.645
9.7469e+09,-99.06
9.747e+09,-100.23
9.747e+09,-103.2
9.7471e+09,-117.55
9.7471e+09,-97.516
9.7472e+09,-99.303
9.7472e+09,-119.45
9.7473e+09,-109.46
9.7473e+09,-113.93
9.7474e+09,-101.02
9.7474e+09,-94.964
9.7475e+09,-104.05
9.7475e+09,-97.047
9.7476e+09,-114.54
9.7476e+09,-97.686
9.7477e+09,-115.73
9.7477e+09,-106.7
9.7478e+09,-99.918
9.7478e+09,-103.72
9.7479e+09,-105.12
9.7479e+09,-96.69
9.748e+09,-102.35
9.748e+09,-109.99
9.7481e+09,-99.5
9.7481e+09,-100.53
9.7482e+09,-99.686
9.7482e+09,-104.96
9.7483e+09,-104.89
9.7483e+09,-107.06
9.7483e+09,-100.41
9.7484e+09,-100.48
9.7484e+09,-101.42
9.7485e+09,-99.265
9.7485e+09,-113.54
9.7486e+09,-100.87
9.7486e+09,-100.9
9.7487e+09,-99.458
9.7487e+09,-98.57
9.7488e+09,-106.65
9.7488e+09,-99.766
9.7489e+09,-98.723
9.7489e+09,-100.51
9.749e+09,-116.44
9.749e+09,-104.61
9.7491e+09,-105.79
9.7491e+09,-101.73
9.7492e+09,-99.807
9.7492e+09,-102.17
9.7493e+09,-104.22
9.7493e+09,-99.522
9.7494e+09,-106.97
9.7494e+09,-103.99
9.7495e+09,-98.38
9.7495e+09,-98.316
9.7496e+09,-99.136
9.7496e+09,-101.34
9.7497e+09,-97.105
9.7497e+09,-102.61
9.7497e+09,-95.609
9.7498e+09,-97.938
9.7498e+09,-107.85
9.7499e+09,-106.74
9.7499e+09,-105.32
9.75e+09,-104.03
9.75e+09,-102.11
9.7501e+09,-103.53
9.7501e+09,-99.023
9.7502e+09,-107.82
9.7502e+09,-104.9
9.7503e+09,-99.304
9.7503e+09,-112.96
9.7504e+09,-105
9.7504e+09,-98.487
9.7505e+09,-104.21
9.7505e+09,-109.57
9.7506e+09,-103.81
9.7506e+09,-104.67
9.7507e+09,-115.41
9.7507e+09,-97.619
9.7508e+09,-101.96
9.7508e+09,-98.989
9.7509e+09,-97.798
9.7509e+09,-105.05
9.751e+09,-95.346
9.751e+09,-98.481
9.751e+09,-107.65
9.7511e+09,-99.798
9.7511e+09,-104.77
9.7512e+09,-105.3
9.7512e+09,-104.39
9.7513e+09,-99.277
9.7513e+09,-107.11
9.7514e+09,-97.123
9.7514e+09,-124.63
9.7515e+09,-110.33
9.7515e+09,-109.74
9.7516e+09,-100.73
9.7516e+09,-98.625
9.7517e+09,-99.444
9.7517e+09,-112.01
9.7518e+09,-99.885
9.7518e+09,-102.52
9.7519e+09,-109.05
9.7519e+09,-99.483
9.752e+09,-103.52
9.752e+09,-98.957
9.7521e+09,-102.35
9.7521e+09,-99.76
9.7522e+09,-101.71
9.7522e+09,-109.85
9.7523e+09,-108.5
9.7523e+09,-107.45
9.7524e+09,-97.186
9.7524e+09,-104.21
9.7524e+09,-103.56
9.7525e+09,-100.62
9.7525e+09,-99
9.7526e+09,-98.832
9.7526e+09,-107.43
9.7527e+09,-100.05
9.7527e+09,-98.877
9.7528e+09,-101.57
9.7528e+09,-102.83
9.7529e+09,-105.65
9.7529e+09,-106.79
9.753e+09,-98.084
9.753e+09,-98.127
9.7531e+09,-108.17
9.7531e+09,-101.71
9.7532e+09,-99.824
9.7532e+09,-98.595
9.7533e+09,-99.317
9.7533e+09,-103.27
9.7534e+09,-116.16
9.7534e+09,-105.82
9.7535e+09,-106.18
9.7535e+09,-103.23
9.7536e+09,-106
9.7536e+09,-104.46
9.7537e+09,-106.34
9.7537e+09,-106.59
9.7538e+09,-100.15
9.7538e+09,-116.27
9.7538e+09,-99.171
9.7539e+09,-100.4
9.7539e+09,-102.7
9.754e+09,-103.69
9.754e+09,-102.02
9.7541e+09,-96.777
9.7541e+09,-112.65
9.7542e+09,-101.09
9.7542e+09,-104.53
9.7543e+09,-103.84
9.7543e+09,-108.26
9.7544e+09,-110.13
9.7544e+09,-97.123
9.7545e+09,-107.79
9.7545e+09,-98.489
9.7546e+09,-103.25
9.7546e+09,-104.11
9.7547e+09,-118.54
9.7547e+09,-101.49
9.7548e+09,-96.943
9.7548e+09,-104.66
9.7549e+09,-96.679
9.7549e+09,-101.66
9.755e+09,-99.388
9.755e+09,-115.44
9.7551e+09,-112.5
9.7551e+09,-101.09
9.7552e+09,-105.01
9.7552e+09,-101.19
9.7552e+09,-98.394
9.7553e+09,-98.839
9.7553e+09,-98.956
9.7554e+09,-96.587
9.7554e+09,-100.62
9.7555e+09,-100.5
9.7555e+09,-101.68
9.7556e+09,-102.12
9.7556e+09,-104.58
9.7557e+09,-107.74
9.7557e+09,-104.99
9.7558e+09,-103.47
9.7558e+09,-107.85
9.7559e+09,-101.75
9.7559e+09,-98.44
9.756e+09,-98.598
9.756e+09,-103.49
9.7561e+09,-106.28
9.7561e+09,-105.02
9.7562e+09,-109.51
9.7562e+09,-109.61
9.7563e+09,-105.4
9.7563e+09,-97.694
9.7564e+09,-117.95
9.7564e+09,-101.95
9.7565e+09,-100.62
9.7565e+09,-107.1
9.7566e+09,-102.73
9.7566e+09,-107.89
9.7566e+09,-102.03
9.7567e+09,-108.16
9.7567e+09,-110.37
9.7568e+09,-100.81
9.7568e+09,-99.493
9.7569e+09,-104.52
9.7569e+09,-99.083
9.757e+09,-109.76
9.757e+09,-99.417
9.7571e+09,-98.373
9.7571e+09,-105.95
9.7572e+09,-102.68
9.7572e+09,-98.345
9.7573e+09,-101.8
9.7573e+09,-101.46
9.7574e+09,-102.84
9.7574e+09,-94.142
9.7575e+09,-98.084
9.7575e+09,-97.117
9.7576e+09,-99.296
9.7576e+09,-98.74
9.7577e+09,-104.67
9.7577e+09,-104.26
9.7578e+09,-99.336
9.7578e+09,-95.607
9.7579e+09,-102.38
9.7579e+09,-96.298
9.758e+09,-99.251
9.758e+09,-104.74
9.758e+09,-96.421
9.7581e+09,-97.102
9.7581e+09,-99.694
9.7582e+09,-107.21
9.7582e+09,-104.03
9.7583e+09,-110.88
9.7583e+09,-101.07
9.7584e+09,-104.16
9.7584e+09,-97.706
9.7585e+09,-98.188
9.7585e+09,-102.09
9.7586e+09,-100.05
9.7586e+09,-98.491
9.7587e+09,-109.63
9.7587e+09,-99.304
9.7588e+09,-98.656
9.7588e+09,-106.06
9.7589e+09,-98.156
9.7589e+09,-114.23
9.759e+09,-102.79
9.759e+09,-112.11
9.7591e+09,-99
9.7591e+09,-99.357
9.7592e+09,-102.49
9.7592e+09,-100.86
9.7593e+09,-94.696
9.7593e+09,-104.33
9.7594e+09,-104.46
9.7594e+09,-98.27
9.7594e+09,-108.57
9.7595e+09,-101.67
9.7595e+09,-110.8
9.7596e+09,-102.42
9.7596e+09,-106.53
9.7597e+09,-103.73
9.7597e+09,-99.149
9.7598e+09,-101.91
9.7598e+09,-98.626
9.7599e+09,-116.47
9.7599e+09,-108.25
9.76e+09,-103.07
9.76e+09,-100.79
9.7601e+09,-102.58
9.7601e+09,-99.043
9.7602e+09,-99.063
9.7602e+09,-104.41
9.7603e+09,-99.147
9.7603e+09,-113.45
9.7604e+09,-108.65
9.7604e+09,-103.97
9.7605e+09,-114.06
9.7605e+09,-108.82
9.7606e+09,-110.45
9.7606e+09,-103.4
9.7607e+09,-102.07
9.7607e+09,-113.79
9.7608e+09,-109.38
9.7608e+09,-111.58
9.7608e+09,-104.4
9.7609e+09,-101.34
9.7609e+09,-99.661
9.761e+09,-106.37
9.761e+09,-104.26
9.7611e+09,-95.812
9.7611e+09,-109.67
9.7612e+09,-100.02
9.7612e+09,-103.48
9.7613e+09,-108.01
9.7613e+09,-100.14
9.7614e+09,-100.2
9.7614e+09,-100.17
9.7615e+09,-95.437
9.7615e+09,-103.6
9.7616e+09,-100.16
9.7616e+09,-122.23
9.7617e+09,-103.08
9.7617e+09,-108.02
9.7618e+09,-104.16
9.7618e+09,-102.22
9.7619e+09,-106.73
9.7619e+09,-97.786
9.762e+09,-100.01
9.762e+09,-104.81
9.7621e+09,-98.992
9.7621e+09,-108.47
9.7622e+09,-108.66
9.7622e+09,-101.9
9.7622e+09,-114.77
9.7623e+09,-138
9.7623e+09,-101.05
9.7624e+09,-99.666
9.7624e+09,-105.11
9.7625e+09,-111.19
9.7625e+09,-99.665
9.7626e+09,-106.11
9.7626e+09,-98.285
9.7627e+09,-114.36
9.7627e+09,-97.096
9.7628e+09,-117.13
9.7628e+09,-103.72
9.7629e+09,-98.046
9.7629e+09,-101.46
9.763e+09,-106.38
9.763e+09,-99.417
9.7631e+09,-105.25
9.7631e+09,-117.88
9.7632e+09,-91.774
9.7632e+09,-97.66
9.7633e+09,-95.996
9.7633e+09,-108.41
9.7634e+09,-102.58
9.7634e+09,-102.69
9.7635e+09,-99.732
9.7635e+09,-100.12
9.7636e+09,-101.32
9.7636e+09,-104.29
9.7636e+09,-112.05
9.7637e+09,-96.432
9.7637e+09,-96.04
9.7638e+09,-104.71
9.7638e+09,-101.16
9.7639e+09,-111.08
9.7639e+09,-97.466
9.764e+09,-97.438
9.764e+09,-95.397
9.7641e+09,-104.34
9.7641e+09,-99.065
9.7642e+09,-103.12
9.7642e+09,-109.4
9.7643e+09,-111.68
9.7643e+09,-112.95
9.7644e+09,-111.09
9.7644e+09,-102.14
9.7645e+09,-104.45
9.7645e+09,-106.02
9.7646e+09,-106.64
9.7646e+09,-106.3
9.7647e+09,-103.47
9.7647e+09,-98.549
9.7648e+09,-105.94
9.7648e+09,-104.44
9.7649e+09,-97.289
9.7649e+09,-92.433
9.7649e+09,-120.72
9.765e+09,-105.1
9.765e+09,-96.959
9.7651e+09,-114.09
9.7651e+09,-95.97
9.7652e+09,-104.05
9.7652e+09,-101.63
9.7653e+09,-107.17
9.7653e+09,-99.614
9.7654e+09,-114.95
9.7654e+09,-100.8
9.7655e+09,-100.3
9.7655e+09,-101.13
9.7656e+09,-110.58
9.7656e+09,-100.28
9.7657e+09,-108.13
9.7657e+09,-97.688
9.7658e+09,-98.854
9.7658e+09,-106.9
9.7659e+09,-102.5
9.7659e+09,-96.5
9.766e+09,-99.596
9.766e+09,-110.4
9.7661e+09,-97.431
9.7661e+09,-104.34
9.7662e+09,-110.68
9.7662e+09,-104.21
9.7663e+09,-106.9
9.7663e+09,-99.608
9.7663e+09,-96.66
9.7664e+09,-105.09
9.7664e+09,-102.6
9.7665e+09,-112.98
9.7665e+09,-100.68
9.7666e+09,-104.28
9.7666e+09,-108.38
9.7667e+09,-102.46
9.7667e+09,-102.32
9.7668e+09,-95.303
9.7668e+09,-106.31
9.7669e+09,-106.44
9.7669e+09,-97.805
9.767e+09,-99.524
9.767e+09,-104.42
9.7671e+09,-101.08
9.7671e+09,-102.56
9.7672e+09,-102.41
9.7672e+09,-100.66
9.7673e+09,-102.02
9.7673e+09,-110.96
9.7674e+09,-107.79
9.7674e+09,-106.33
9.7675e+09,-97.919
9.7675e+09,-104.73
9.7676e+09,-114.09
9.7676e+09,-103.59
9.7677e+09,-105.97
9.7677e+09,-113.13
9.7677e+09,-107.44
9.7678e+09,-100.6
9.7678e+09,-112.43
9.7679e+09,-98.097
9.7679e+09,-98.857
9.768e+09,-102.25
9.768e+09,-104.4
9.7681e+09,-100.76
9.7681e+09,-96.832
9.7682e+09,-102.65
9.7682e+09,-96.214
9.7683e+09,-103.23
9.7683e+09,-105.89
9.7684e+09,-111.11
9.7684e+09,-97.925
9.7685e+09,-98.502
9.7685e+09,-99.603
9.7686e+09,-119.29
9.7686e+09,-112.78
9.7687e+09,-106.09
9.7687e+09,-97.655
9.7688e+09,-95.24
9.7688e+09,-99.114
9.7689e+09,-99.799
9.7689e+09,-103.73
9.769e+09,-110.52
9.769e+09,-98.997
9.7691e+09,-111.85
9.7691e+09,-104.27
9.7691e+09,-100.74
9.7692e+09,-98.811
9.7692e+09,-102.68
9.7693e+09,-102.42
9.7693e+09,-109.91
9.7694e+09,-99.713
9.7694e+09,-101.08
9.7695e+09,-102.48
9.7695e+09,-108.71
9.7696e+09,-104.02
9.7696e+09,-111.32
9.7697e+09,-101.9
9.7697e+09,-102.48
9.7698e+09,-99.155
9.7698e+09,-105.93
9.7699e+09,-94.878
9.7699e+09,-102.42
9.77e+09,-106.79
9.77e+09,-102.83
9.7701e+09,-96.38
9.7701e+09,-100.22
9.7702e+09,-97.517
9.7702e+09,-108.18
9.7703e+09,-105.08
9.7703e+09,-102.8
9.7704e+09,-100.24
9.7704e+09,-101.27
9.7705e+09,-102.71
9.7705e+09,-115.02
9.7705e+09,-105.16
9.7706e+09,-110.5
9.7706e+09,-104.37
9.7707e+09,-97.558
9.7707e+09,-104.43
9.7708e+09,-114.08
9.7708e+09,-103.72
9.7709e+09,-108.35
9.7709e+09,-100.74
9.771e+09,-112.32
9.771e+09,-101.01
9.7711e+09,-112.94
9.7711e+09,-102.35
9.7712e+09,-96.002
9.7712e+09,-97.882
9.7713e+09,-102.57
9.7713e+09,-95.527
9.7714e+09,-105.22
9.7714e+09,-100.34
9.7715e+09,-103.93
9.7715e+09,-101.87
9.7716e+09,-99.815
9.7716e+09,-103.82
9.7717e+09,-103.86
9.7717e+09,-98.253
9.7718e+09,-102.27
9.7718e+09,-102.31
9.7719e+09,-106.38
9.7719e+09,-100.04
9.7719e+09,-107.47
9.772e+09,-102.49
9.772e+09,-103.99
9.7721e+09,-99.815
9.7721e+09,-98.193
9.7722e+09,-96.49
9.7722e+09,-122.84
9.7723e+09,-113.94
9.7723e+09,-99.152
9.7724e+09,-100.07
9.7724e+09,-101.16
9.7725e+09,-107.76
9.7725e+09,-102.08
9.7726e+09,-104.31
9.7726e+09,-105.82
9.7727e+09,-113.76
9.7727e+09,-99.145
9.7728e+09,-103.93
9.7728e+09,-104.08
9.7729e+09,-105
9.7729e+09,-104.75
9.773e+09,-101.99
9.773e+09,-109.1
9.7731e+09,-102.48
9.7731e+09,-108.47
9.7732e+09,-101.02
9.7732e+09,-107.18
9.7733e+09,-99.148
9.7733e+09,-97.25
9.7733e+09,-100.58
9.7734e+09,-96.503
9.7734e+09,-102.22
9.7735e+09,-112.13
9.7735e+09,-100.28
